id,level,phase,requirement_class,final_stack_invariant,selected_status,selected_owner,selected_evidence,semantic_source,semantic_evidence,semantic_equivalence_gate,relevant_artifact,research_disposition,research_evidence,disposition,gate_kind,gate_owner,remaining_gap
DM-1-01,binding,baseline,product_scope,true,open,unassigned,No selected-production-lane evidence is mapped.,not-yet-mapped,none,No proven retained semantic source is mapped; define implementation and acceptance evidence.,none,none,none,build-and-verify,none,none,Implement and verify in the selected production lane: Deliver a well-defined data synchronization protocol.
DM-1-02,binding,baseline,product_scope,true,open,unassigned,No selected-production-lane evidence is mapped.,not-yet-mapped,none,No proven retained semantic source is mapped; define implementation and acceptance evidence.,none,none,none,build-and-verify,none,none,Implement and verify in the selected production lane: Deliver a lightweight embeddable peer-to-peer framework implementing the protocol.
DM-1-03,must,baseline,hard_invariant,true,observed-bounded,aster-node,docs/implementation/requirements-status.md#reproducible-receipt; direct Iroh contacts moved exact source-sealed Events between mission-authenticated peers,not-yet-mapped,none,No proven retained semantic source is mapped; define implementation and acceptance evidence.,none,none,none,continue-selected-implementation,none,none,"The receipt covers one Event application and one scope on one-host loopback; State, Record, Blob, physical, mixed-implementation, generalized policy, and scale evidence remain open."
DM-1-04,must,baseline,hard_invariant,true,observed-bounded,aster-node,docs/implementation/requirements-status.md#reproducible-receipt; isolated per-edge cohorts let a payload-blind route-authorized intermediate retain and exact-forward one pre-existing Ping or Pong difference while the publisher process was absent,not-yet-mapped,none,No proven retained semantic source is mapped; define implementation and acceptance evidence.,none,none,none,continue-selected-implementation,none,none,"Verify generalized application/policy behavior, finite custody duration, physical contacts, alternate carriers, and non-line topologies."
DM-1-05,must,baseline,hard_invariant,true,observed-bounded,aster-node,docs/implementation/requirements-status.md#reproducible-receipt; stopped and restarted processes reconciled exact source-sealed Event inventories and reused durable reaction operations,not-yet-mapped,none,No proven retained semantic source is mapped; define implementation and acceptance evidence.,none,none,none,continue-selected-implementation,none,none,"Verify the stakeholder-set extended or day-scale disconnection interval, all data classes, physical systems, generalized policy, and requirement scale."
DM-1-06,binding,baseline,product_scope,true,open,unassigned,No selected-production-lane evidence is mapped.,not-yet-mapped,none,No proven retained semantic source is mapped; define implementation and acceptance evidence.,none,pointer-only-no-production-credit,docs/evaluations/0005/requirement-maps/carrier.csv,research-informed-build-and-verify,none,none,Use the named research only as non-credit input; implement and verify in the selected production lane: Operate across a shifting mix of untrusted transports that can change over time.
DM-1-07,binding,baseline,product_scope,true,open,unassigned,No selected-production-lane evidence is mapped.,not-yet-mapped,none,No proven retained semantic source is mapped; define implementation and acceptance evidence.,none,none,none,build-and-verify,none,none,Implement and verify in the selected production lane: Expose the mesh through a simple library or API without requiring integrators to know internals.
DM-2-01,scope,baseline,product_scope,true,open,unassigned,No selected-production-lane evidence is mapped.,not-yet-mapped,none,No proven retained semantic source is mapped; define implementation and acceptance evidence.,docs/protocol.md; docs/wire.cddl; docs/envelope.md,none,none,retain-artifact-and-build,none,none,"Retain the named non-credit artifact as authority, product input, or prior work; complete and verify the selected obligation: Include an implementation-independent protocol specification."
DM-2-02,scope,baseline,product_scope,true,open,unassigned,No selected-production-lane evidence is mapped.,crates/aster-core; crates/aster-host,crates/aster-core/src/causal.rs; crates/aster-core/src/engine.rs; crates/aster-core/src/source_event.rs; crates/aster-core/src/crypto/reference.rs; aster-core source tests; crates/aster-host/src; aster-host source tests,Retain the named proven source until the selected replacement passes equivalent source tests.,none,none,none,migrate-and-verify,none,none,"Migrate equivalent behavior from the named source, integrate it with the selected composition, and pass equivalent tests: Include a reference framework implementing the protocol."
DM-2-03,scope,baseline,product_scope,true,open,unassigned,No selected-production-lane evidence is mapped.,crates/aster-ffi,crates/aster-ffi/src; aster-ffi source tests,Retain the named proven source until the selected replacement passes equivalent source tests.,bindings/c; bindings/go; bindings/python,pointer-only-no-production-credit,docs/evaluations/0005/requirement-maps/product-assurance.csv,migrate-and-verify,none,none,"Migrate equivalent behavior from the named source, integrate it with the selected composition, and pass equivalent tests: Include language bindings or SDKs."
DM-2-04,scope,baseline,product_scope,true,open,unassigned,No selected-production-lane evidence is mapped.,not-yet-mapped,none,No proven retained semantic source is mapped; define implementation and acceptance evidence.,docs/bindings/pattern.md,pointer-only-no-production-credit,docs/evaluations/0005/requirement-maps/product-assurance.csv,retain-artifact-and-build,none,none,"Retain the named non-credit artifact as authority, product input, or prior work; complete and verify the selected obligation: Document a pattern for producing additional bindings."
DM-2-05,scope,mvp,product_scope,true,open,transport owner; test owner,No selected-production-lane evidence is mapped.,crates/aster-host; crates/aster-ip; crates/aster-ble,crates/aster-host/src; aster-host source tests; crates/aster-ip/src; aster-ip source tests; crates/aster-ble/src; aster-ble source tests,Retain the named proven source until the selected replacement passes equivalent source tests.,none,pointer-only-no-production-credit,docs/evaluations/0005/requirement-maps/carrier.csv; docs/evaluations/0005/requirement-maps/product-assurance.csv,external-gate-and-implementation,physical-btle-hardware,transport owner; test owner,Complete the named external gate and any selected implementation work; then verify: Include IP and BTLE transport adapters at MVP.
DM-2-06,scope,baseline,product_scope,true,open,unassigned,No selected-production-lane evidence is mapped.,crates/aster-host,crates/aster-host/src; aster-host source tests,Retain the named proven source until the selected replacement passes equivalent source tests.,none,none,none,migrate-and-verify,none,none,"Migrate equivalent behavior from the named source, integrate it with the selected composition, and pass equivalent tests: Permit additional transport adapters over time."
DM-2-07,scope,baseline,product_scope,true,open,unassigned,No selected-production-lane evidence is mapped.,not-yet-mapped,none,No proven retained semantic source is mapped; define implementation and acceptance evidence.,docs/conformance.md; crates/aster-conformance; conformance,pointer-only-no-production-credit,docs/evaluations/0005/requirement-maps/product-assurance.csv,retain-artifact-and-build,none,none,"Retain the named non-credit artifact as authority, product input, or prior work; complete and verify the selected obligation: Include a conformance test suite."
DM-2-08,scope,mvp,product_scope,true,open,architecture owner; release owner,No selected-production-lane evidence is mapped.,not-yet-mapped,none,No implementation-equivalence claim applies to this retained non-goal.,data-mesh-requirements.md,none,none,retained-scope-boundary,none,none,Retain and verify this non-goal; it is not an affirmative implementation action: Exclude real-time voice and video streaming from MVP.
DM-2-09,future,future,preference_or_future,false,open,architecture owner,No selected-production-lane evidence is mapped.,not-yet-mapped,none,No proven retained semantic source is mapped; define implementation and acceptance evidence.,data-mesh-requirements.md,none,none,deferred-future-extension-seam,none,none,Preserve the extension seam without pulling this work into MVP: Do not preclude future reconsideration of real-time streaming media.
DM-2-10,scope,baseline,product_scope,true,open,architecture owner; release owner,No selected-production-lane evidence is mapped.,not-yet-mapped,none,No implementation-equivalence claim applies to this retained non-goal.,data-mesh-requirements.md,none,none,retained-scope-boundary,none,none,Retain and verify this non-goal; it is not an affirmative implementation action: Do not manage radios waveforms or link layers.
DM-2-11,scope,baseline,product_scope,true,open,architecture owner; release owner,No selected-production-lane evidence is mapped.,not-yet-mapped,none,No implementation-equivalence claim applies to this retained non-goal.,data-mesh-requirements.md,none,none,retained-scope-boundary,none,none,Retain and verify this non-goal; it is not an affirmative implementation action: Do not implement end-user applications or command-and-control functionality.
DM-2-12,scope,baseline,product_scope,true,open,architecture owner; release owner,No selected-production-lane evidence is mapped.,not-yet-mapped,none,No implementation-equivalence claim applies to this retained non-goal.,data-mesh-requirements.md,none,none,retained-scope-boundary,none,none,Retain and verify this non-goal; it is not an affirmative implementation action: Do not implement device management or MDM.
DM-2-13,scope,baseline,product_scope,true,open,architecture owner; release owner,No selected-production-lane evidence is mapped.,not-yet-mapped,none,No implementation-equivalence claim applies to this retained non-goal.,data-mesh-requirements.md,none,none,retained-scope-boundary,none,none,Retain and verify this non-goal; it is not an affirmative implementation action: Do not define COMSEC doctrine or adopting-program key-management policy.
DM-2-14,binding,baseline,product_scope,true,implemented-uncredited,aster-core + aster-redb-store + aster-node,crates/aster-core/src/source_control.rs; crates/aster-redb-store/src/lib.rs; crates/aster-node/src/frame.rs; crates/aster-node/src/runtime.rs; crates/aster-node/src/main.rs; crates/aster-node/tests/mesh_cli.rs; authority CLI inputs set the revoked subject/generation and the exact route-only/member recipient policy for a source-authenticated scope rekey,crates/aster-core,crates/aster-core/src/causal.rs; crates/aster-core/src/engine.rs; crates/aster-core/src/source_event.rs; crates/aster-core/src/crypto/reference.rs; aster-core source tests,Retain the named proven source until the selected replacement passes equivalent source tests.,none,none,none,continue-selected-implementation,none,none,"Policy is currently expressed through bounded authority CLI inputs over one reference bundle/registry and one control family; protected operator provisioning, a generalized adopter-facing management API, policy governance, and additional key-management mechanisms remain open."
DM-3-01,assumption,baseline,hard_invariant,true,open,unassigned,No selected-production-lane evidence is mapped.,not-yet-mapped,none,No proven retained semantic source is mapped; define implementation and acceptance evidence.,none,pointer-only-no-production-credit,docs/evaluations/0005/requirement-maps/selected-stack.json; docs/evaluations/0005/requirement-maps/security-profile.json,research-informed-build-and-verify,none,none,Use the named research only as non-credit input; implement and verify in the selected production lane: Operate assuming every transport can be observed replayed or manipulated by an adversary.
DM-3-02,assumption,baseline,hard_invariant,true,open,unassigned,No selected-production-lane evidence is mapped.,not-yet-mapped,none,No proven retained semantic source is mapped; define implementation and acceptance evidence.,none,pointer-only-no-production-credit,docs/evaluations/0005/requirement-maps/carrier.csv; docs/evaluations/0005/requirement-maps/product-assurance.csv,research-informed-build-and-verify,none,none,Use the named research only as non-credit input; implement and verify in the selected production lane: Operate when nodes are offline for extended periods.
DM-3-03,provisional,baseline,provisional_target,false,open,stakeholder; requirements owner,No selected-production-lane evidence is mapped.,not-yet-mapped,none,No proven retained semantic source is mapped; define implementation and acceptance evidence.,none,pointer-only-no-production-credit,docs/evaluations/0005/requirement-maps/carrier.csv; docs/evaluations/0005/requirement-maps/product-assurance.csv,external-gate-and-implementation,stakeholder-provisional-target,stakeholder; requirements owner,Complete the named external gate and any selected implementation work; then verify: Evaluate an offline-tolerance target.
DM-3-04,assumption,baseline,hard_invariant,true,open,unassigned,No selected-production-lane evidence is mapped.,not-yet-mapped,none,No proven retained semantic source is mapped; define implementation and acceptance evidence.,none,pointer-only-no-production-credit,docs/evaluations/0005/requirement-maps/carrier.csv; docs/evaluations/0005/requirement-maps/product-assurance.csv,research-informed-build-and-verify,none,none,Use the named research only as non-credit input; implement and verify in the selected production lane: Remain useful when bandwidth is extremely low.
DM-3-05,provisional,baseline,provisional_target,false,open,stakeholder; requirements owner,No selected-production-lane evidence is mapped.,not-yet-mapped,none,No proven retained semantic source is mapped; define implementation and acceptance evidence.,none,pointer-only-no-production-credit,docs/evaluations/0005/requirement-maps/carrier.csv; docs/evaluations/0005/requirement-maps/product-assurance.csv,external-gate-and-implementation,stakeholder-provisional-target,stakeholder; requirements owner,Complete the named external gate and any selected implementation work; then verify: Evaluate a low-rate operating target.
DM-3-06,assumption,baseline,hard_invariant,true,open,unassigned,No selected-production-lane evidence is mapped.,not-yet-mapped,none,No proven retained semantic source is mapped; define implementation and acceptance evidence.,none,pointer-only-no-production-credit,docs/evaluations/0005/requirement-maps/carrier.csv; docs/evaluations/0005/requirement-maps/product-assurance.csv,research-informed-build-and-verify,none,none,Use the named research only as non-credit input; implement and verify in the selected production lane: Remain useful on high-loss links.
DM-3-07,assumption,baseline,hard_invariant,true,open,unassigned,No selected-production-lane evidence is mapped.,not-yet-mapped,none,No proven retained semantic source is mapped; define implementation and acceptance evidence.,none,pointer-only-no-production-credit,docs/evaluations/0005/requirement-maps/carrier.csv,research-informed-build-and-verify,none,none,Use the named research only as non-credit input; implement and verify in the selected production lane: Support nodes moving between transports over time.
DM-3-08,assumption,baseline,hard_invariant,true,open,unassigned,No selected-production-lane evidence is mapped.,not-yet-mapped,none,No proven retained semantic source is mapped; define implementation and acceptance evidence.,none,pointer-only-no-production-credit,docs/evaluations/0005/requirement-maps/carrier.csv,research-informed-build-and-verify,none,none,Use the named research only as non-credit input; implement and verify in the selected production lane: Support several simultaneously available transports with different characteristics.
DM-3-09,assumption,baseline,hard_invariant,true,open,unassigned,No selected-production-lane evidence is mapped.,not-yet-mapped,none,No proven retained semantic source is mapped; define implementation and acceptance evidence.,none,pointer-only-no-production-credit,docs/evaluations/0005/requirement-maps/carrier.csv; docs/evaluations/0005/requirement-maps/product-assurance.csv,research-informed-build-and-verify,none,none,Use the named research only as non-credit input; implement and verify in the selected production lane: Support RF transports where one transmission may reach many receivers.
DM-3-10,assumption,baseline,hard_invariant,true,open,unassigned,No selected-production-lane evidence is mapped.,not-yet-mapped,none,No proven retained semantic source is mapped; define implementation and acceptance evidence.,none,none,none,build-and-verify,none,none,Implement and verify in the selected production lane: Operate when not every node has robust trustworthy time.
DM-3-11,assumption,baseline,hard_invariant,true,open,unassigned,No selected-production-lane evidence is mapped.,not-yet-mapped,none,No proven retained semantic source is mapped; define implementation and acceptance evidence.,none,none,none,build-and-verify,none,none,Implement and verify in the selected production lane: Assume a pre-mission identity and key provisioning window exists.
DM-3-12,assumption,baseline,hard_invariant,true,observed-bounded,aster-core + aster-redb-store + aster-node,"docs/implementation/requirements-status.md#mission-control-revocation-and-rekey-receipt; a four-node real-process line durably revoked the captured leaf, denied two later contact attempts, withheld epoch-two content, and accepted no stale publication at an eligible peer",not-yet-mapped,none,No proven retained semantic source is mapped; define implementation and acceptance evidence.,none,none,none,continue-selected-implementation,none,none,"One captured leaf was excluded on one-host direct loopback; physical capture, larger and non-line topologies, authority/signer handoff and recovery, all data classes, and independent implementations remain open."
DM-3-13,assumption,baseline,hard_invariant,true,open,unassigned,No selected-production-lane evidence is mapped.,not-yet-mapped,none,No proven retained semantic source is mapped; define implementation and acceptance evidence.,none,none,none,build-and-verify,none,none,Implement and verify in the selected production lane: Treat power use and RF transmission as operational costs and minimize unnecessary transmission.
DM-5.1-01,must,baseline,hard_invariant,true,implemented-uncredited,aster-core + aster-redb-store + aster-node,"crates/aster-core/src/source_state.rs; crates/aster-redb-store/src/lib.rs; crates/aster-node/src/application/state.rs; crates/aster-node/examples/state_application.rs; docs/quickstart/selected-state-api.md; crates/aster-redb-store/src/lib.rs; crates/aster-node/src/frame.rs; crates/aster-node/src/runtime.rs; crates/aster-node/src/main.rs; crates/aster-node/src/runtime.rs::tests::real_iroh_contact_converges_state_and_disconnected_record_siblings; docs/quickstart/selected-state-api.md; docs/quickstart/selected-record-api.md; the stopped SelectedStateNode source-seals and durably publishes bounded State versions, queries one exact topic/scope/logical-key projection without exposing sealed representations or provider internals, and a separately running node reconciles already durable State under explicit interests",crates/aster-core,crates/aster-core/src/causal.rs; crates/aster-core/src/engine.rs; crates/aster-core/src/source_event.rs; crates/aster-core/src/crypto/reference.rs; aster-core source tests,Retain the named proven source until the selected replacement passes equivalent source tests.,none,pointer-only-no-production-credit,docs/evaluations/0005/requirement-maps/selected-stack.json; docs/evaluations/0005/requirement-maps/p2panda.csv,continue-selected-implementation,none,none,"The application State surface remains stopped/exclusive, with no live commands, durable subscription, language binding, selected relay cache, finite TTL, physical carrier, mixed-implementation, or release evidence. One same-implementation two-node real-Iroh transfer does not close those gaps."
DM-5.1-02,must,baseline,hard_invariant,true,implemented-uncredited,aster-core + aster-redb-store + aster-node,"crates/aster-core/src/source_state.rs; crates/aster-redb-store/src/lib.rs; crates/aster-node/src/application/state.rs; crates/aster-node/examples/state_application.rs; docs/quickstart/selected-state-api.md; crates/aster-redb-store/src/lib.rs; crates/aster-node/src/frame.rs; crates/aster-node/src/runtime.rs; crates/aster-node/src/main.rs; crates/aster-node/src/runtime.rs::tests::real_iroh_contact_converges_state_and_disconnected_record_siblings; docs/quickstart/selected-state-api.md; docs/quickstart/selected-record-api.md; authenticated State dots and causal context share the selected Event publisher frontier, the store retains causal maxima and dominated versions, the facade independently recomputes the exact-key projection, and one durable version reaches an interested independent store over real Iroh",crates/aster-core,crates/aster-core/src/causal.rs; crates/aster-core/src/engine.rs; crates/aster-core/src/source_event.rs; crates/aster-core/src/crypto/reference.rs; aster-core source tests,Retain the named proven source until the selected replacement passes equivalent source tests.,none,pointer-only-no-production-credit,docs/evaluations/0005/requirement-maps/selected-stack.json; docs/evaluations/0005/requirement-maps/p2panda.csv; docs/evaluations/0005/requirement-maps/willow.csv,continue-selected-implementation,none,none,"Current tests cover local causal projection plus one same-implementation two-node transfer. Divergent State convergence, multi-hop/partition behavior, independent interoperability, scale, and retained acceptance remain open."
DM-5.1-04,must,baseline,hard_invariant,true,observed-bounded,aster-core + aster-redb-store + aster-node,"docs/implementation/requirements-status.md#reproducible-receipt; crates/aster-core/src/source_event.rs; crates/aster-redb-store/src/lib.rs; crates/aster-node/src/runtime.rs; crates/aster-node/src/application.rs; crates/aster-node/examples/event_application.rs; docs/quickstart/selected-event-api.md; crates/aster-node/tests/mesh_cli.rs; crates/aster-node/src/application.rs; crates/aster-node/src/runtime.rs; crates/aster-node/src/lib.rs; crates/aster-node/examples/live_event_application.rs; crates/aster-node/tests/mesh_cli.rs::offline_publish_later_real_process_sync_poll_ack_and_restart; docs/quickstart/selected-event-api.md; the built-in sample and high-level live handle publish, source-seal, store, transfer, freshly verify, query, and durably deliver Event objects",crates/aster-core,crates/aster-core/src/causal.rs; crates/aster-core/src/engine.rs; crates/aster-core/src/source_event.rs; crates/aster-core/src/crypto/reference.rs; aster-core source tests,Retain the named proven source until the selected replacement passes equivalent source tests.,none,pointer-only-no-production-credit,docs/evaluations/0005/requirement-maps/selected-stack.json; docs/evaluations/0005/requirement-maps/p2panda.csv; docs/evaluations/0005/requirement-maps/willow.csv,continue-selected-implementation,none,none,The retained receipt covers the built-in Event sample; the generalized live-handle later-sync path has current-code automated loopback evidence only. Other data classes and independent wire interoperability remain open.
DM-5.1-05,must,baseline,hard_invariant,true,implemented-uncredited,aster-redb-store,crates/aster-core/src/source_event.rs; crates/aster-redb-store/src/lib.rs; crates/aster-node/src/runtime.rs; crates/aster-node/src/application.rs; crates/aster-node/examples/event_application.rs; docs/quickstart/selected-event-api.md; crates/aster-node/tests/mesh_cli.rs; exact transfer and semantic indexes reject conflicting Event representations or dot reuse,crates/aster-core,crates/aster-core/src/causal.rs; crates/aster-core/src/engine.rs; crates/aster-core/src/source_event.rs; crates/aster-core/src/crypto/reference.rs; aster-core source tests,Retain the named proven source until the selected replacement passes equivalent source tests.,none,pointer-only-no-production-credit,docs/evaluations/0005/requirement-maps/p2panda.csv; docs/evaluations/0005/requirement-maps/willow.csv,continue-selected-implementation,none,none,Publish independent interoperability and broader mutation/adversarial evidence before claiming complete Event immutability.
DM-5.1-06,must,baseline,hard_invariant,true,implemented-uncredited,aster-redb-store,crates/aster-core/src/source_event.rs; crates/aster-redb-store/src/lib.rs; crates/aster-node/src/runtime.rs; crates/aster-node/src/application.rs; crates/aster-node/examples/event_application.rs; docs/quickstart/selected-event-api.md; crates/aster-node/tests/mesh_cli.rs; accepted Events carry authenticated nonzero publisher sequence and durable per-publisher/topic/scope positions,crates/aster-core,crates/aster-core/src/causal.rs; crates/aster-core/src/engine.rs; crates/aster-core/src/source_event.rs; crates/aster-core/src/crypto/reference.rs; aster-core source tests,Retain the named proven source until the selected replacement passes equivalent source tests.,none,pointer-only-no-production-credit,docs/evaluations/0005/requirement-maps/p2panda.csv,continue-selected-implementation,none,none,"Verify ordering through durable cross-process consumer delivery, independent interoperability, and at requirement scale."
DM-5.1-07,must,baseline,hard_invariant,true,implemented-uncredited,aster-redb-store + aster-node,"crates/aster-core/src/source_event.rs; crates/aster-redb-store/src/lib.rs; crates/aster-node/src/runtime.rs; crates/aster-node/src/application.rs; crates/aster-node/examples/event_application.rs; docs/quickstart/selected-event-api.md; crates/aster-node/tests/mesh_cli.rs; crates/aster-node/src/application.rs; crates/aster-node/src/runtime.rs; crates/aster-node/src/lib.rs; crates/aster-node/examples/live_event_application.rs; crates/aster-node/tests/mesh_cli.rs::offline_publish_later_real_process_sync_poll_ack_and_restart; docs/quickstart/selected-event-api.md; the public Event gap query bounds one exact publisher/topic/scope stream, freshly source/content verifies every observed anchor, and race-rechecks the policy-bound plan before returning half-open gaps",crates/aster-core,crates/aster-core/src/causal.rs; crates/aster-core/src/engine.rs; crates/aster-core/src/source_event.rs; crates/aster-core/src/crypto/reference.rs; aster-core source tests,Retain the named proven source until the selected replacement passes equivalent source tests.,none,pointer-only-no-production-credit,docs/evaluations/0005/requirement-maps/p2panda.csv,continue-selected-implementation,none,none,Gap absence is limited to verified positions already observed by the local mission-bound store; verify actual missing-position detection through a cross-process consumer and independent implementation without implying publisher completeness or convergence.
DM-5.1-08,must,baseline,hard_invariant,true,implemented-uncredited,aster-core + aster-redb-store + aster-node,"crates/aster-core/src/source_record.rs; crates/aster-redb-store/src/lib.rs; crates/aster-node/src/application/record.rs; crates/aster-node/examples/record_application.rs; docs/quickstart/selected-record-api.md; crates/aster-redb-store/src/lib.rs; crates/aster-node/src/frame.rs; crates/aster-node/src/runtime.rs; crates/aster-node/src/main.rs; crates/aster-node/src/runtime.rs::tests::real_iroh_contact_converges_state_and_disconnected_record_siblings; docs/quickstart/selected-state-api.md; docs/quickstart/selected-record-api.md; the stopped SelectedRecordNode source-seals and durably publishes bounded Record revisions, queries one exact-key current/concurrent/superseded projection, accepts only exact-sibling guarded application resolution, and a separately running node reconciles already durable revisions under explicit interests",crates/aster-core,crates/aster-core/src/causal.rs; crates/aster-core/src/engine.rs; crates/aster-core/src/source_event.rs; crates/aster-core/src/crypto/reference.rs; aster-core source tests,Retain the named proven source until the selected replacement passes equivalent source tests.,none,pointer-only-no-production-credit,docs/evaluations/0005/requirement-maps/p2panda.csv,continue-selected-implementation,none,none,"The application Record surface remains stopped/exclusive, with no live commands, durable subscription, language binding, automatic registered-policy merge, selected relay cache, finite TTL/GC, physical carrier, mixed-implementation, or retained release evidence."
DM-5.1-09,must,baseline,hard_invariant,true,observed-bounded,aster-core + aster-redb-store + aster-node,"crates/aster-core/src/source_record.rs; crates/aster-redb-store/src/lib.rs; crates/aster-node/src/application/record.rs; crates/aster-node/examples/record_application.rs; docs/quickstart/selected-record-api.md; crates/aster-redb-store/src/lib.rs; crates/aster-node/src/frame.rs; crates/aster-node/src/runtime.rs; crates/aster-node/src/main.rs; crates/aster-node/src/runtime.rs::tests::real_iroh_contact_converges_state_and_disconnected_record_siblings; docs/quickstart/selected-state-api.md; docs/quickstart/selected-record-api.md; independently source-authenticated publishers create revisions on separate stores while disconnected, one real-Iroh contact reconciles both exact inventories, and both stores retain the same two causal heads without running merge code",crates/aster-core,crates/aster-core/src/causal.rs; crates/aster-core/src/engine.rs; crates/aster-core/src/source_event.rs; crates/aster-core/src/crypto/reference.rs; aster-core source tests,Retain the named proven source until the selected replacement passes equivalent source tests.,none,pointer-only-no-production-credit,docs/evaluations/0005/requirement-maps/p2panda.csv; docs/evaluations/0005/requirement-maps/willow.csv,continue-selected-implementation,none,none,"This observation is one same-implementation, one-host, two-node contact with no long partition, crash sweep, relay, automatic merge, mixed implementation, scale, physical system, or retained release receipt."
DM-5.1-10,must,baseline,hard_invariant,true,implemented-uncredited,aster-core + aster-redb-store + aster-node,"crates/aster-core/src/blob.rs; crates/aster-core/src/source_blob.rs; crates/aster-redb-store/src/blob.rs; crates/aster-redb-store/src/blob/depot.rs; crates/aster-node/src/application/blob.rs; crates/aster-node/examples/blob_application.rs; docs/quickstart/selected-blob-api.md; the stopped SelectedBlobNode prepares a manifest-bounded digest set, commits encrypted chunks under the fixed 64-KiB profile outside redb, source-seals one canonical manifest, and streams verified plaintext into a caller-owned writer",crates/aster-core,crates/aster-core/src/causal.rs; crates/aster-core/src/engine.rs; crates/aster-core/src/source_event.rs; crates/aster-core/src/crypto/reference.rs; aster-core source tests,Retain the named proven source until the selected replacement passes equivalent source tests.,none,pointer-only-no-production-credit,docs/evaluations/0005/requirement-maps/blob.csv; docs/evaluations/0005/requirement-maps/selected-stack.json; docs/evaluations/0005/requirement-maps/p2panda.csv; docs/evaluations/0005/requirement-maps/willow.csv,continue-selected-implementation,none,none,"This is a stopped/local selected Blob surface. Blob has no live/runtime reconciliation, remote chunk transfer, any-peer resume, language binding, physical acceptance, mixed-implementation evidence, or retained release receipt. The selected integration tests are modest multi-chunk fixtures, not maximum-size acceptance."
DM-5.1-11,must,baseline,hard_invariant,true,implemented-uncredited,aster-core + aster-redb-store + aster-node,"crates/aster-core/src/blob.rs; crates/aster-core/src/source_blob.rs; crates/aster-redb-store/src/blob.rs; crates/aster-redb-store/src/blob/depot.rs; crates/aster-node/src/application/blob.rs; crates/aster-node/examples/blob_application.rs; docs/quickstart/selected-blob-api.md; BlobId commits exact plaintext bytes, the canonical chunk profile, and media/schema identity metadata; source-authenticated manifest records and the epoch-specific encrypted depot variant are immutable once committed",crates/aster-core,crates/aster-core/src/causal.rs; crates/aster-core/src/engine.rs; crates/aster-core/src/source_event.rs; crates/aster-core/src/crypto/reference.rs; aster-core source tests,Retain the named proven source until the selected replacement passes equivalent source tests.,none,pointer-only-no-production-credit,docs/evaluations/0005/requirement-maps/blob.csv; docs/evaluations/0005/requirement-maps/selected-stack.json; docs/evaluations/0005/requirement-maps/p2panda.csv; docs/evaluations/0005/requirement-maps/willow.csv,continue-selected-implementation,none,none,"The ID is metadata-bound object identity, not a separate pure whole-byte content ID. Metadata-independent deduplication, selected network transfer, independent interoperability, scale, and retained acceptance remain open."
DM-5.1-12,must,baseline,hard_invariant,true,open,unassigned,No selected-production-lane evidence is mapped.,crates/aster-core,crates/aster-core/src/causal.rs; crates/aster-core/src/engine.rs; crates/aster-core/src/source_event.rs; crates/aster-core/src/crypto/reference.rs; aster-core source tests,Retain the named proven source until the selected replacement passes equivalent source tests.,none,pointer-only-no-production-credit,docs/evaluations/0005/requirement-maps/blob.csv; docs/evaluations/0005/requirement-maps/selected-stack.json; docs/evaluations/0005/requirement-maps/p2panda.csv; docs/evaluations/0005/requirement-maps/willow.csv,migrate-and-verify,none,none,"Migrate equivalent behavior from the named source, integrate it with the selected composition, and pass equivalent tests: Transfer Blobs in chunks."
DM-5.1-13,must,baseline,hard_invariant,true,open,unassigned,No selected-production-lane evidence is mapped.,crates/aster-core,crates/aster-core/src/causal.rs; crates/aster-core/src/engine.rs; crates/aster-core/src/source_event.rs; crates/aster-core/src/crypto/reference.rs; aster-core source tests,Retain the named proven source until the selected replacement passes equivalent source tests.,none,pointer-only-no-production-credit,docs/evaluations/0005/requirement-maps/blob.csv; docs/evaluations/0005/requirement-maps/selected-stack.json; docs/evaluations/0005/requirement-maps/p2panda.csv; docs/evaluations/0005/requirement-maps/willow.csv,migrate-and-verify,none,none,"Migrate equivalent behavior from the named source, integrate it with the selected composition, and pass equivalent tests: Blob transfer is resumable."
DM-5.1-14,must,baseline,hard_invariant,true,open,unassigned,No selected-production-lane evidence is mapped.,crates/aster-core,crates/aster-core/src/causal.rs; crates/aster-core/src/engine.rs; crates/aster-core/src/source_event.rs; crates/aster-core/src/crypto/reference.rs; aster-core source tests,Retain the named proven source until the selected replacement passes equivalent source tests.,none,pointer-only-no-production-credit,docs/evaluations/0005/requirement-maps/blob.csv; docs/evaluations/0005/requirement-maps/selected-stack.json; docs/evaluations/0005/requirement-maps/p2panda.csv; docs/evaluations/0005/requirement-maps/willow.csv,migrate-and-verify,none,none,"Migrate equivalent behavior from the named source, integrate it with the selected composition, and pass equivalent tests: Address Blob content by content identity."
DM-5.1-15,must,baseline,hard_invariant,true,open,unassigned,No selected-production-lane evidence is mapped.,crates/aster-core,crates/aster-core/src/causal.rs; crates/aster-core/src/engine.rs; crates/aster-core/src/source_event.rs; crates/aster-core/src/crypto/reference.rs; aster-core source tests,Retain the named proven source until the selected replacement passes equivalent source tests.,none,pointer-only-no-production-credit,docs/evaluations/0005/requirement-maps/blob.csv; docs/evaluations/0005/requirement-maps/selected-stack.json; docs/evaluations/0005/requirement-maps/p2panda.csv; docs/evaluations/0005/requirement-maps/willow.csv,migrate-and-verify,none,none,"Migrate equivalent behavior from the named source, integrate it with the selected composition, and pass equivalent tests: Deduplicate Blob content by content identity."
DM-5.1-16,may,baseline,preference_or_future,false,open,unassigned,No selected-production-lane evidence is mapped.,crates/aster-core,crates/aster-core/src/causal.rs; crates/aster-core/src/engine.rs; crates/aster-core/src/source_event.rs; crates/aster-core/src/crypto/reference.rs; aster-core source tests,Retain the named proven source until the selected replacement passes equivalent source tests.,none,pointer-only-no-production-credit,docs/evaluations/0005/requirement-maps/blob.csv,migrate-and-verify,none,none,"Migrate equivalent behavior from the named source, integrate it with the selected composition, and pass equivalent tests: Permit other item classes to reference Blobs."
DM-5.1-17,must,baseline,hard_invariant,true,implemented-uncredited,aster-core + aster-node,crates/aster-core/src/source_event.rs; crates/aster-redb-store/src/lib.rs; crates/aster-node/src/runtime.rs; crates/aster-node/src/application.rs; crates/aster-node/examples/event_application.rs; docs/quickstart/selected-event-api.md; crates/aster-node/tests/mesh_cli.rs,crates/aster-core,crates/aster-core/src/causal.rs; crates/aster-core/src/engine.rs; crates/aster-core/src/source_event.rs; crates/aster-core/src/crypto/reference.rs; aster-core source tests,Retain the named proven source until the selected replacement passes equivalent source tests.,none,pointer-only-no-production-credit,docs/evaluations/0005/requirement-maps/p2panda.csv; docs/evaluations/0005/requirement-maps/willow.csv,continue-selected-implementation,none,none,"The selected live and stopped application boundaries publish, query, subscribe to, poll, acknowledge, unsubscribe from, and inspect Event through crates/aster-redb-store/src/lib.rs; crates/aster-node/src/frame.rs; crates/aster-node/src/runtime.rs; crates/aster-node/src/application.rs; crates/aster-node/examples/event_application.rs and crates/aster-node/src/application.rs; crates/aster-node/src/runtime.rs; crates/aster-node/src/lib.rs; crates/aster-node/examples/live_event_application.rs; crates/aster-node/tests/mesh_cli.rs::offline_publish_later_real_process_sync_poll_ack_and_restart; docs/quickstart/selected-event-api.md. State, Record, and Blob have stopped typed boundaries, but live handles and selected-node language bindings remain open."
DM-5.1-18,must,baseline,hard_invariant,true,implemented-uncredited,aster-core + aster-redb-store + aster-node,"crates/aster-core/src/source_event.rs; crates/aster-redb-store/src/lib.rs; crates/aster-node/src/runtime.rs; crates/aster-node/src/application.rs; crates/aster-node/examples/event_application.rs; docs/quickstart/selected-event-api.md; crates/aster-node/tests/mesh_cli.rs; crates/aster-redb-store/src/lib.rs; crates/aster-node/src/frame.rs; crates/aster-node/src/runtime.rs; crates/aster-node/src/application.rs; crates/aster-node/examples/event_application.rs; crates/aster-node/src/application.rs; crates/aster-node/src/runtime.rs; crates/aster-node/src/lib.rs; crates/aster-node/examples/live_event_application.rs; crates/aster-node/tests/mesh_cli.rs::offline_publish_later_real_process_sync_poll_ack_and_restart; docs/quickstart/selected-event-api.md; crates/aster-redb-store/src/lib.rs; crates/aster-node/src/frame.rs; crates/aster-node/src/runtime.rs; crates/aster-node/src/main.rs; crates/aster-node/src/runtime.rs::tests::real_iroh_contact_converges_state_and_disconnected_record_siblings; docs/quickstart/selected-state-api.md; docs/quickstart/selected-record-api.md; Event, State, and Record topics are source-authenticated and content-granted; Event has durable Consume/Carry delivery selectors while State/Record have explicit network interests",crates/aster-core,crates/aster-core/src/causal.rs; crates/aster-core/src/engine.rs; crates/aster-core/src/source_event.rs; crates/aster-core/src/crypto/reference.rs; aster-core source tests,Retain the named proven source until the selected replacement passes equivalent source tests.,none,pointer-only-no-production-credit,docs/evaluations/0005/requirement-maps/p2panda.csv; docs/evaluations/0005/requirement-maps/willow.csv,continue-selected-implementation,none,none,"Repeated dynamic selector lifecycle, durable State/Record application delivery, Blob networking, and independent interoperability remain open."
DM-5.1-19,must,baseline,hard_invariant,true,implemented-uncredited,aster-core + aster-redb-store + aster-node,"crates/aster-core/src/source_event.rs; crates/aster-redb-store/src/lib.rs; crates/aster-node/src/runtime.rs; crates/aster-node/src/application.rs; crates/aster-node/examples/event_application.rs; docs/quickstart/selected-event-api.md; crates/aster-node/tests/mesh_cli.rs; crates/aster-redb-store/src/lib.rs; crates/aster-node/src/frame.rs; crates/aster-node/src/runtime.rs; crates/aster-node/src/application.rs; crates/aster-node/examples/event_application.rs; crates/aster-node/src/application.rs; crates/aster-node/src/runtime.rs; crates/aster-node/src/lib.rs; crates/aster-node/examples/live_event_application.rs; crates/aster-node/tests/mesh_cli.rs::offline_publish_later_real_process_sync_poll_ack_and_restart; docs/quickstart/selected-event-api.md; crates/aster-redb-store/src/lib.rs; crates/aster-node/src/frame.rs; crates/aster-node/src/runtime.rs; crates/aster-node/src/main.rs; crates/aster-node/src/runtime.rs::tests::real_iroh_contact_converges_state_and_disconnected_record_siblings; docs/quickstart/selected-state-api.md; docs/quickstart/selected-record-api.md; Event, State, and Record scope/epoch are source-authenticated; canonical interests support exact/descendant matching and current peer route grants filter inventory and Offer",crates/aster-core,crates/aster-core/src/causal.rs; crates/aster-core/src/engine.rs; crates/aster-core/src/source_event.rs; crates/aster-core/src/crypto/reference.rs; aster-core source tests,Retain the named proven source until the selected replacement passes equivalent source tests.,none,pointer-only-no-production-credit,docs/evaluations/0005/requirement-maps/p2panda.csv; docs/evaluations/0005/requirement-maps/willow.csv,continue-selected-implementation,none,none,"Repeated dynamic multi-scope lifecycle, Blob networking, physical peers, and independent interoperability remain open."
DM-5.1-20,must,baseline,hard_invariant,true,implemented-uncredited,aster-core + aster-node,crates/aster-core/src/source_event.rs; crates/aster-redb-store/src/lib.rs; crates/aster-node/src/runtime.rs; crates/aster-node/src/application.rs; crates/aster-node/examples/event_application.rs; docs/quickstart/selected-event-api.md; crates/aster-node/tests/mesh_cli.rs,crates/aster-core,crates/aster-core/src/causal.rs; crates/aster-core/src/engine.rs; crates/aster-core/src/source_event.rs; crates/aster-core/src/crypto/reference.rs; aster-core source tests,Retain the named proven source until the selected replacement passes equivalent source tests.,none,pointer-only-no-production-credit,docs/evaluations/0005/requirement-maps/p2panda.csv; docs/evaluations/0005/requirement-maps/willow.csv,continue-selected-implementation,none,none,"Event priority is source-authenticated and accepted by the selected publication API, but it is not yet wired into transmission ordering, retransmission, or eviction."
DM-5.1-21,must,baseline,hard_invariant,true,implemented-uncredited,aster-core + aster-redb-store + aster-node,crates/aster-core/src/source_event.rs; crates/aster-redb-store/src/lib.rs; crates/aster-node/src/runtime.rs; crates/aster-node/src/application.rs; crates/aster-node/examples/event_application.rs; docs/quickstart/selected-event-api.md; crates/aster-node/tests/mesh_cli.rs,crates/aster-core,crates/aster-core/src/causal.rs; crates/aster-core/src/engine.rs; crates/aster-core/src/source_event.rs; crates/aster-core/src/crypto/reference.rs; aster-core source tests,Retain the named proven source until the selected replacement passes equivalent source tests.,none,pointer-only-no-production-credit,docs/evaluations/0005/requirement-maps/p2panda.csv; docs/evaluations/0005/requirement-maps/willow.csv,continue-selected-implementation,none,none,Event TTL is source-authenticated and ttl=None is durable; remote finite TTL fails closed until authenticated forwarding age and custody policy are ported.
DM-5.1-22,must,baseline,hard_invariant,true,observed-bounded,aster-core + aster-node,docs/implementation/requirements-status.md#reproducible-receipt; crates/aster-core/src/source_event.rs; crates/aster-redb-store/src/lib.rs; crates/aster-node/src/runtime.rs; crates/aster-node/src/application.rs; crates/aster-node/examples/event_application.rs; docs/quickstart/selected-event-api.md; crates/aster-node/tests/mesh_cli.rs; crates/aster-redb-store/src/lib.rs; crates/aster-node/src/frame.rs; crates/aster-node/src/runtime.rs; crates/aster-node/src/main.rs; crates/aster-node/src/runtime.rs::tests::real_iroh_contact_converges_state_and_disconnected_record_siblings; docs/quickstart/selected-state-api.md; docs/quickstart/selected-record-api.md; retained Ping/Pong and current-code direct State/Record contact authenticate authority-provisioned source identities independently at each endpoint,crates/aster-core,crates/aster-core/src/causal.rs; crates/aster-core/src/engine.rs; crates/aster-core/src/source_event.rs; crates/aster-core/src/crypto/reference.rs; aster-core source tests,Retain the named proven source until the selected replacement passes equivalent source tests.,none,pointer-only-no-production-credit,docs/evaluations/0005/requirement-maps/p2panda.csv; docs/evaluations/0005/requirement-maps/willow.csv,continue-selected-implementation,none,none,"State/Record evidence is one same-implementation current-code contact, not a retained receipt. Blob networking and independent interoperability remain open."
DM-5.1-23,must,baseline,hard_invariant,true,open,unassigned,No selected-production-lane evidence is mapped.,not-yet-mapped,none,No proven retained semantic source is mapped; define implementation and acceptance evidence.,none,pointer-only-no-production-credit,docs/evaluations/0005/requirement-maps/blob.csv; docs/evaluations/0005/requirement-maps/product-assurance.csv,research-informed-build-and-verify,none,none,Use the named research only as non-credit input; implement and verify in the selected production lane: Handle items efficiently from small values through large Blobs.
DM-5.1-24,binding,baseline,hard_invariant,true,open,unassigned,No selected-production-lane evidence is mapped.,not-yet-mapped,none,No proven retained semantic source is mapped; define implementation and acceptance evidence.,none,none,none,build-and-verify,none,none,Implement and verify in the selected production lane: Handle items on the order of tens of bytes efficiently.
DM-5.1-25,provisional,baseline,provisional_target,false,open,stakeholder; requirements owner,No selected-production-lane evidence is mapped.,not-yet-mapped,none,No proven retained semantic source is mapped; define implementation and acceptance evidence.,none,pointer-only-no-production-credit,docs/evaluations/0005/requirement-maps/blob.csv; docs/evaluations/0005/requirement-maps/product-assurance.csv,external-gate-and-implementation,stakeholder-provisional-target,stakeholder; requirements owner,Complete the named external gate and any selected implementation work; then verify: Evaluate a minimum supported Blob size.
DM-5.2-01,must,baseline,hard_invariant,true,observed-bounded,aster-node,"docs/implementation/requirements-status.md#reproducible-receipt; crates/aster-redb-store/src/lib.rs; crates/aster-node/src/frame.rs; crates/aster-node/src/runtime.rs; crates/aster-node/src/main.rs; crates/aster-node/src/runtime.rs::tests::real_iroh_contact_converges_state_and_disconnected_record_siblings; docs/quickstart/selected-state-api.md; docs/quickstart/selected-record-api.md; retained three- and eight-node loopback lines converged Event transfers, while a current-code two-node real-Iroh contact converged one State inventory and two disconnected Record revisions under explicit interests",not-yet-mapped,none,No proven retained semantic source is mapped; define implementation and acceptance evidence.,none,pointer-only-no-production-credit,docs/evaluations/0005/requirement-maps/selected-stack.json; docs/evaluations/0005/requirement-maps/p2panda.csv; docs/evaluations/0005/requirement-maps/willow.csv,continue-selected-implementation,none,none,"The State/Record observation is one same-implementation direct contact, not a retained receipt or all-reachable-node result. Multiple-scope lifecycle, Blob, long partitions, mixed implementations, physical links, and requirement scale remain open."
DM-5.2-02,must,baseline,hard_invariant,true,implemented-uncredited,aster-redb-store + aster-node,"crates/aster-redb-store/src/lib.rs; crates/aster-node/src/frame.rs; crates/aster-node/src/runtime.rs; crates/aster-node/src/application.rs; crates/aster-node/examples/event_application.rs; crates/aster-node/src/application.rs; crates/aster-node/src/runtime.rs; crates/aster-node/src/lib.rs; crates/aster-node/examples/live_event_application.rs; crates/aster-node/tests/mesh_cli.rs::offline_publish_later_real_process_sync_poll_ack_and_restart; docs/quickstart/selected-event-api.md; crates/aster-redb-store/src/lib.rs; crates/aster-node/src/frame.rs; crates/aster-node/src/runtime.rs; crates/aster-node/src/main.rs; crates/aster-node/src/runtime.rs::tests::real_iroh_contact_converges_state_and_disconnected_record_siblings; docs/quickstart/selected-state-api.md; docs/quickstart/selected-record-api.md; durable Event Consume/Carry selectors and explicit class-separated State/Record topic/scope selectors become mission-protected receiver interests; current-code real-Iroh tests deliver selected Event, State, and Record objects",not-yet-mapped,none,No proven retained semantic source is mapped; define implementation and acceptance evidence.,none,pointer-only-no-production-credit,docs/evaluations/0005/requirement-maps/selected-stack.json; docs/evaluations/0005/requirement-maps/p2panda.csv; docs/evaluations/0005/requirement-maps/willow.csv,continue-selected-implementation,none,none,"The tests observe same-implementation two-node flows, not all reachable subscribed nodes or global convergence. No retained multi-class receipt exists; repeated multi-scope lifecycle, Blob, long partitions, physical peers, scale, and mixed implementations remain open."
DM-5.2-03,must,baseline,hard_invariant,true,open,unassigned,No selected-production-lane evidence is mapped.,not-yet-mapped,none,No proven retained semantic source is mapped; define implementation and acceptance evidence.,none,pointer-only-no-production-credit,docs/evaluations/0005/requirement-maps/carrier.csv; docs/evaluations/0005/requirement-maps/selected-stack.json; docs/evaluations/0005/requirement-maps/p2panda.csv; docs/evaluations/0005/requirement-maps/product-assurance.csv; docs/evaluations/0005/requirement-maps/willow.csv,research-informed-build-and-verify,none,none,Use the named research only as non-credit input; implement and verify in the selected production lane: A node returning after the supported offline interval resynchronizes.
DM-5.2-04,must,baseline,hard_invariant,true,open,unassigned,No selected-production-lane evidence is mapped.,not-yet-mapped,none,No proven retained semantic source is mapped; define implementation and acceptance evidence.,none,pointer-only-no-production-credit,docs/evaluations/0005/requirement-maps/carrier.csv; docs/evaluations/0005/requirement-maps/blob.csv; docs/evaluations/0005/requirement-maps/selected-stack.json; docs/evaluations/0005/requirement-maps/p2panda.csv; docs/evaluations/0005/requirement-maps/willow.csv,research-informed-build-and-verify,none,none,Use the named research only as non-credit input; implement and verify in the selected production lane: Resynchronization loses no durable data except under declared TTL or eviction policy.
DM-5.2-05,provisional,baseline,provisional_target,false,open,stakeholder; requirements owner,No selected-production-lane evidence is mapped.,not-yet-mapped,none,No proven retained semantic source is mapped; define implementation and acceptance evidence.,none,pointer-only-no-production-credit,docs/evaluations/0005/requirement-maps/carrier.csv; docs/evaluations/0005/requirement-maps/p2panda.csv; docs/evaluations/0005/requirement-maps/product-assurance.csv; docs/evaluations/0005/requirement-maps/security-profile.json,external-gate-and-implementation,stakeholder-provisional-target,stakeholder; requirements owner,Complete the named external gate and any selected implementation work; then verify: Evaluate offline resynchronization at the tolerance target.
DM-5.2-06,must,baseline,hard_invariant,true,implemented-uncredited,aster-redb-store + aster-node,"docs/implementation/requirements-status.md#reproducible-receipt; crates/aster-redb-store/src/lib.rs; crates/aster-node/src/frame.rs; crates/aster-node/src/runtime.rs; crates/aster-node/src/application.rs; crates/aster-node/examples/event_application.rs; crates/aster-node/src/application.rs; crates/aster-node/src/runtime.rs; crates/aster-node/src/lib.rs; crates/aster-node/examples/live_event_application.rs; crates/aster-node/tests/mesh_cli.rs::offline_publish_later_real_process_sync_poll_ack_and_restart; docs/quickstart/selected-event-api.md; the live facade durably prepares bounded Event delivery, freshly re-verifies source/content authorization, and commits an attempt before returning it; current-code real processes poll and acknowledge an Event after later synchronization",not-yet-mapped,none,No proven retained semantic source is mapped; define implementation and acceptance evidence.,none,pointer-only-no-production-credit,docs/evaluations/0005/requirement-maps/selected-stack.json; docs/evaluations/0005/requirement-maps/p2panda.csv,continue-selected-implementation,none,none,"The retained receipt covers the built-in Event reaction, while generalized live delivery has current-code automated evidence only. Verify unacknowledged real-process crash retry, every other data class, bindings, and independent interoperability."
DM-5.2-07,must,baseline,hard_invariant,true,implemented-uncredited,aster-redb-store + aster-node,"docs/implementation/requirements-status.md#reproducible-receipt; crates/aster-redb-store/src/lib.rs; crates/aster-node/src/frame.rs; crates/aster-node/src/runtime.rs; crates/aster-node/src/application.rs; crates/aster-node/examples/event_application.rs; crates/aster-node/src/application.rs; crates/aster-node/src/runtime.rs; crates/aster-node/src/lib.rs; crates/aster-node/examples/live_event_application.rs; crates/aster-node/tests/mesh_cli.rs::offline_publish_later_real_process_sync_poll_ack_and_restart; docs/quickstart/selected-event-api.md; exact transfer replay reuses durable acceptance, the pending ledger repeats an unacknowledged Event by semantic ID, and a current-code real-process receiver restart observes no delivery after acknowledgement",not-yet-mapped,none,No proven retained semantic source is mapped; define implementation and acceptance evidence.,none,pointer-only-no-production-credit,docs/evaluations/0005/requirement-maps/blob.csv; docs/evaluations/0005/requirement-maps/selected-stack.json; docs/evaluations/0005/requirement-maps/p2panda.csv; docs/evaluations/0005/requirement-maps/product-assurance.csv,continue-selected-implementation,none,none,"Verify duplicate suppression across live network cycles, unacknowledged crash retry, cyclic topologies, every other data class, bindings, and independent interoperability."
DM-5.2-08,must,baseline,hard_invariant,true,observed-bounded,aster-redb-store + aster-node,"docs/implementation/requirements-status.md#reproducible-receipt; crates/aster-redb-store/src/lib.rs; crates/aster-node/src/frame.rs; crates/aster-node/src/runtime.rs; crates/aster-node/src/application.rs; crates/aster-node/examples/event_application.rs; crates/aster-node/src/application.rs; crates/aster-node/src/runtime.rs; crates/aster-node/src/lib.rs; crates/aster-node/examples/live_event_application.rs; crates/aster-node/tests/mesh_cli.rs::offline_publish_later_real_process_sync_poll_ack_and_restart; docs/quickstart/selected-event-api.md; peerless cohorts commit under durable operation keys; tests cover subscription replay/conflict, attempt persistence, idempotent acknowledgement, selector removal/replacement, verified gap plans, stale-policy rejection, and receiver restart",crates/aster-core,crates/aster-core/src/causal.rs; crates/aster-core/src/engine.rs; crates/aster-core/src/source_event.rs; crates/aster-core/src/crypto/reference.rs; aster-core source tests,Retain the named proven source until the selected replacement passes equivalent source tests.,none,pointer-only-no-production-credit,docs/evaluations/0005/requirement-maps/selected-stack.json; docs/evaluations/0005/requirement-maps/p2panda.csv; docs/evaluations/0005/requirement-maps/product-assurance.csv,continue-selected-implementation,none,none,"The retained receipt still covers only the built-in Event reaction; the generalized live actor has current-code automated evidence but no retained PR-C receipt. Crash injection at every external boundary, other data classes, bindings, and independent implementations remain open."
DM-5.2-09,must,baseline,hard_invariant,true,observed-bounded,aster-core + aster-redb-store + aster-node,"docs/implementation/requirements-status.md#reproducible-receipt; crates/aster-redb-store/src/lib.rs; crates/aster-node/src/frame.rs; crates/aster-node/src/runtime.rs; crates/aster-node/src/main.rs; crates/aster-node/src/runtime.rs::tests::real_iroh_contact_converges_state_and_disconnected_record_siblings; docs/quickstart/selected-state-api.md; docs/quickstart/selected-record-api.md; an isolated peerless destination publishes causally observing Pong, the durable store rejects dot equivocation, and disconnected Record publishers remain two causal heads after both exact revisions reconcile",crates/aster-core,crates/aster-core/src/causal.rs; crates/aster-core/src/engine.rs; crates/aster-core/src/source_event.rs; crates/aster-core/src/crypto/reference.rs; aster-core source tests,Retain the named proven source until the selected replacement passes equivalent source tests.,none,pointer-only-no-production-credit,docs/evaluations/0005/requirement-maps/p2panda.csv; docs/evaluations/0005/requirement-maps/willow.csv,continue-selected-implementation,none,none,"Verify broader sequential/concurrent State/Record network projections, Blob, long partitions, independent interoperability, and scale."
DM-5.2-10,must,baseline,hard_invariant,true,implemented-uncredited,aster-core + aster-negentropy + aster-node,"docs/implementation/requirements-status.md#reproducible-receipt; crates/aster-redb-store/src/lib.rs; crates/aster-node/src/frame.rs; crates/aster-node/src/runtime.rs; crates/aster-node/src/main.rs; crates/aster-node/src/runtime.rs::tests::real_iroh_contact_converges_state_and_disconnected_record_siblings; docs/quickstart/selected-state-api.md; docs/quickstart/selected-record-api.md; Event, State, and Record counters/context are authoritative while class-specific exact transfer IDs reconcile with Negentropy timestamp zero",crates/aster-core,crates/aster-core/src/causal.rs; crates/aster-core/src/engine.rs; crates/aster-core/src/source_event.rs; crates/aster-core/src/crypto/reference.rs; aster-core source tests,Retain the named proven source until the selected replacement passes equivalent source tests.,none,pointer-only-no-production-credit,docs/evaluations/0005/requirement-maps/p2panda.csv; docs/evaluations/0005/requirement-maps/willow.csv,continue-selected-implementation,none,none,"Verify tombstone propagation, finite TTL forwarding age, long partitions, and long-running operation without trustworthy time."
DM-5.2-11,may,baseline,preference_or_future,false,open,unassigned,No selected-production-lane evidence is mapped.,not-yet-mapped,none,No proven retained semantic source is mapped; define implementation and acceptance evidence.,none,pointer-only-no-production-credit,docs/evaluations/0005/requirement-maps/p2panda.csv,research-informed-build-and-verify,none,none,Use the named research only as non-credit input; implement and verify in the selected production lane: Trustworthy time may enhance behavior when available.
DM-5.2-12,must,baseline,hard_invariant,true,open,unassigned,No selected-production-lane evidence is mapped.,not-yet-mapped,none,No proven retained semantic source is mapped; define implementation and acceptance evidence.,none,pointer-only-no-production-credit,docs/evaluations/0005/requirement-maps/p2panda.csv,research-informed-build-and-verify,none,none,Use the named research only as non-credit input; implement and verify in the selected production lane: Absence of trustworthy time degrades behavior gracefully.
DM-5.2-13,binding,baseline,hard_invariant,true,implemented-uncredited,aster-core + aster-negentropy,"crates/aster-core/src/source_event.rs; crates/aster-redb-store/src/lib.rs; crates/aster-node/src/runtime.rs; crates/aster-node/src/application.rs; crates/aster-node/examples/event_application.rs; docs/quickstart/selected-event-api.md; crates/aster-node/tests/mesh_cli.rs; crates/aster-redb-store/src/lib.rs; crates/aster-node/src/frame.rs; crates/aster-node/src/runtime.rs; crates/aster-node/src/main.rs; crates/aster-node/src/runtime.rs::tests::real_iroh_contact_converges_state_and_disconnected_record_siblings; docs/quickstart/selected-state-api.md; docs/quickstart/selected-record-api.md; exact Event, State, and Record transfer IDs reconcile with Negentropy timestamp zero while causality uses authenticated counters/context",crates/aster-core,crates/aster-core/src/causal.rs; crates/aster-core/src/engine.rs; crates/aster-core/src/source_event.rs; crates/aster-core/src/crypto/reference.rs; aster-core source tests,Retain the named proven source until the selected replacement passes equivalent source tests.,none,pointer-only-no-production-credit,docs/evaluations/0005/requirement-maps/p2panda.csv,continue-selected-implementation,none,none,"Verify the wall-clock boundary for Blob, long-running custody, and independent implementations."
DM-5.2-14,binding,baseline,hard_invariant,true,implemented-uncredited,aster-core + aster-negentropy + aster-node,"crates/aster-core/src/source_event.rs; crates/aster-redb-store/src/lib.rs; crates/aster-node/src/runtime.rs; crates/aster-node/src/application.rs; crates/aster-node/examples/event_application.rs; docs/quickstart/selected-event-api.md; crates/aster-node/tests/mesh_cli.rs; crates/aster-redb-store/src/lib.rs; crates/aster-node/src/frame.rs; crates/aster-node/src/runtime.rs; crates/aster-node/src/main.rs; crates/aster-node/src/runtime.rs::tests::real_iroh_contact_converges_state_and_disconnected_record_siblings; docs/quickstart/selected-state-api.md; docs/quickstart/selected-record-api.md; Event order plus State/Record causal projection use authenticated counters/context, not the Negentropy timestamp field",crates/aster-core,crates/aster-core/src/causal.rs; crates/aster-core/src/engine.rs; crates/aster-core/src/source_event.rs; crates/aster-core/src/crypto/reference.rs; aster-core source tests,Retain the named proven source until the selected replacement passes equivalent source tests.,none,pointer-only-no-production-credit,docs/evaluations/0005/requirement-maps/p2panda.csv; docs/evaluations/0005/requirement-maps/willow.csv,continue-selected-implementation,none,none,"Broader tombstone/conflict cases, Blob, long partitions, and complete independent wire behavior remain to be verified."
DM-5.2-15,must,baseline,hard_invariant,true,open,unassigned,No selected-production-lane evidence is mapped.,crates/aster-core,crates/aster-core/src/causal.rs; crates/aster-core/src/engine.rs; crates/aster-core/src/source_event.rs; crates/aster-core/src/crypto/reference.rs; aster-core source tests,Retain the named proven source until the selected replacement passes equivalent source tests.,none,pointer-only-no-production-credit,docs/evaluations/0005/requirement-maps/p2panda.csv; docs/evaluations/0005/requirement-maps/willow.csv,migrate-and-verify,none,none,"Migrate equivalent behavior from the named source, integrate it with the selected composition, and pass equivalent tests: Propagate deletions as tombstones."
DM-5.2-16,must,baseline,hard_invariant,true,open,unassigned,No selected-production-lane evidence is mapped.,crates/aster-core,crates/aster-core/src/causal.rs; crates/aster-core/src/engine.rs; crates/aster-core/src/source_event.rs; crates/aster-core/src/crypto/reference.rs; aster-core source tests,Retain the named proven source until the selected replacement passes equivalent source tests.,none,pointer-only-no-production-credit,docs/evaluations/0005/requirement-maps/p2panda.csv; docs/evaluations/0005/requirement-maps/willow.csv,migrate-and-verify,none,none,"Migrate equivalent behavior from the named source, integrate it with the selected composition, and pass equivalent tests: Bound tombstone retention."
DM-5.2-17,must,baseline,hard_invariant,true,open,unassigned,No selected-production-lane evidence is mapped.,crates/aster-core,crates/aster-core/src/causal.rs; crates/aster-core/src/engine.rs; crates/aster-core/src/source_event.rs; crates/aster-core/src/crypto/reference.rs; aster-core source tests,Retain the named proven source until the selected replacement passes equivalent source tests.,none,pointer-only-no-production-credit,docs/evaluations/0005/requirement-maps/p2panda.csv; docs/evaluations/0005/requirement-maps/willow.csv,migrate-and-verify,none,none,"Migrate equivalent behavior from the named source, integrate it with the selected composition, and pass equivalent tests: Make tombstone retention configurable."
DM-5.2-18,must,baseline,hard_invariant,true,implemented-uncredited,aster-negentropy + aster-node,"docs/implementation/requirements-status.md#reproducible-receipt; crates/aster-redb-store/src/lib.rs; crates/aster-node/src/frame.rs; crates/aster-node/src/runtime.rs; crates/aster-node/src/main.rs; crates/aster-node/src/runtime.rs::tests::real_iroh_contact_converges_state_and_disconnected_record_siblings; docs/quickstart/selected-state-api.md; docs/quickstart/selected-record-api.md; bounded identifier-set reconciliation computes differences over class-specific exact Event, State, and Record transfer identities; retained Event evidence shows equal inventory transfers nothing",not-yet-mapped,none,No proven retained semantic source is mapped; define implementation and acceptance evidence.,none,pointer-only-no-production-credit,docs/evaluations/0005/requirement-maps/blob.csv; docs/evaluations/0005/requirement-maps/selected-stack.json; docs/evaluations/0005/requirement-maps/p2panda.csv; docs/evaluations/0005/requirement-maps/willow.csv,continue-selected-implementation,none,none,Publish total-size-versus-difference cost evidence at requirement scale.
DM-5.2-19,must,baseline,hard_invariant,true,open,unassigned,No selected-production-lane evidence is mapped.,not-yet-mapped,none,No proven retained semantic source is mapped; define implementation and acceptance evidence.,none,pointer-only-no-production-credit,docs/evaluations/0005/requirement-maps/carrier.csv; docs/evaluations/0005/requirement-maps/blob.csv; docs/evaluations/0005/requirement-maps/p2panda.csv; docs/evaluations/0005/requirement-maps/willow.csv,research-informed-build-and-verify,none,none,Use the named research only as non-credit input; implement and verify in the selected production lane: Make partial synchronization resumable.
DM-5.2-20,must,baseline,hard_invariant,true,open,unassigned,No selected-production-lane evidence is mapped.,not-yet-mapped,none,No proven retained semantic source is mapped; define implementation and acceptance evidence.,none,pointer-only-no-production-credit,docs/evaluations/0005/requirement-maps/carrier.csv; docs/evaluations/0005/requirement-maps/blob.csv; docs/evaluations/0005/requirement-maps/p2panda.csv,research-informed-build-and-verify,none,none,Use the named research only as non-credit input; implement and verify in the selected production lane: Preserve progress made during a brief contact window.
DM-5.2-21,must,baseline,hard_invariant,true,open,unassigned,No selected-production-lane evidence is mapped.,not-yet-mapped,none,No proven retained semantic source is mapped; define implementation and acceptance evidence.,none,pointer-only-no-production-credit,docs/evaluations/0005/requirement-maps/carrier.csv; docs/evaluations/0005/requirement-maps/blob.csv; docs/evaluations/0005/requirement-maps/p2panda.csv,research-informed-build-and-verify,none,none,Use the named research only as non-credit input; implement and verify in the selected production lane: Continue preserved progress at a later contact.
DM-5.2-22,must,baseline,hard_invariant,true,open,unassigned,No selected-production-lane evidence is mapped.,not-yet-mapped,none,No proven retained semantic source is mapped; define implementation and acceptance evidence.,none,pointer-only-no-production-credit,docs/evaluations/0005/requirement-maps/carrier.csv; docs/evaluations/0005/requirement-maps/blob.csv; docs/evaluations/0005/requirement-maps/p2panda.csv,research-informed-build-and-verify,none,none,Use the named research only as non-credit input; implement and verify in the selected production lane: Continue preserved progress with any eligible peer.
DM-5.3-01,must,baseline,hard_invariant,true,implemented-uncredited,aster-core + aster-redb-store + aster-node,"crates/aster-core/src/source_state.rs; crates/aster-redb-store/src/lib.rs; crates/aster-node/src/application/state.rs; crates/aster-node/examples/state_application.rs; docs/quickstart/selected-state-api.md; crates/aster-redb-store/src/lib.rs; crates/aster-node/src/frame.rs; crates/aster-node/src/runtime.rs; crates/aster-node/src/main.rs; crates/aster-node/src/runtime.rs::tests::real_iroh_contact_converges_state_and_disconnected_record_siblings; docs/quickstart/selected-state-api.md; docs/quickstart/selected-record-api.md; an active version whose authenticated context observes another version's dot dominates it, causal maxima remain active, exact-key query returns the deterministic current, and remote ingest retains the same authenticated causal facts",crates/aster-core,crates/aster-core/src/causal.rs; crates/aster-core/src/engine.rs; crates/aster-core/src/source_event.rs; crates/aster-core/src/crypto/reference.rs; aster-core source tests,Retain the named proven source until the selected replacement passes equivalent source tests.,none,pointer-only-no-production-credit,docs/evaluations/0005/requirement-maps/selected-stack.json; docs/evaluations/0005/requirement-maps/p2panda.csv; docs/evaluations/0005/requirement-maps/willow.csv,continue-selected-implementation,none,none,"One State crosses a same-implementation two-node contact, but divergent/concurrent State network convergence, expiry/garbage collection, independent interoperability, scale, and retained acceptance remain open."
DM-5.3-02,must,baseline,hard_invariant,true,implemented-uncredited,aster-core + aster-redb-store + aster-node,"crates/aster-core/src/source_state.rs; crates/aster-redb-store/src/lib.rs; crates/aster-node/src/application/state.rs; crates/aster-node/examples/state_application.rs; docs/quickstart/selected-state-api.md; crates/aster-redb-store/src/lib.rs; crates/aster-node/src/frame.rs; crates/aster-node/src/runtime.rs; crates/aster-node/src/main.rs; crates/aster-node/src/runtime.rs::tests::real_iroh_contact_converges_state_and_disconnected_record_siblings; docs/quickstart/selected-state-api.md; docs/quickstart/selected-record-api.md; when active State maxima are concurrent, the greatest complete source-authenticated semantic State ID is current and the other maxima remain explicitly Concurrent; network ingest preserves the same immutable facts and a current tombstone remains visible",crates/aster-core,crates/aster-core/src/causal.rs; crates/aster-core/src/engine.rs; crates/aster-core/src/source_event.rs; crates/aster-core/src/crypto/reference.rs; aster-core source tests,Retain the named proven source until the selected replacement passes equivalent source tests.,none,pointer-only-no-production-credit,docs/evaluations/0005/requirement-maps/selected-stack.json; docs/evaluations/0005/requirement-maps/p2panda.csv,continue-selected-implementation,none,none,"The deterministic concurrent tie-break still has current-code local tests only. No delete-wins rule is inferred, and mixed-implementation, divergent cross-node, adversarial-scale, and retained acceptance evidence remain open."
DM-5.3-03,binding,baseline,hard_invariant,true,open,unassigned,No selected-production-lane evidence is mapped.,crates/aster-core,crates/aster-core/src/causal.rs; crates/aster-core/src/engine.rs; crates/aster-core/src/source_event.rs; crates/aster-core/src/crypto/reference.rs; aster-core source tests,Retain the named proven source until the selected replacement passes equivalent source tests.,none,pointer-only-no-production-credit,docs/evaluations/0005/requirement-maps/selected-stack.json; docs/evaluations/0005/requirement-maps/p2panda.csv,migrate-and-verify,none,none,"Migrate equivalent behavior from the named source, integrate it with the selected composition, and pass equivalent tests: Event is conflict-free by construction."
DM-5.3-04,binding,baseline,hard_invariant,true,implemented-uncredited,aster-core + aster-redb-store + aster-node,"crates/aster-core/src/blob.rs; crates/aster-core/src/source_blob.rs; crates/aster-redb-store/src/blob.rs; crates/aster-redb-store/src/blob/depot.rs; crates/aster-node/src/application/blob.rs; crates/aster-node/examples/blob_application.rs; docs/quickstart/selected-blob-api.md; immutable Blob bytes and identity metadata never enter the State/Record causal merge reducers, while multiple signed source publications can reference one exact completed content variant without changing it",crates/aster-core,crates/aster-core/src/causal.rs; crates/aster-core/src/engine.rs; crates/aster-core/src/source_event.rs; crates/aster-core/src/crypto/reference.rs; aster-core source tests,Retain the named proven source until the selected replacement passes equivalent source tests.,none,pointer-only-no-production-credit,docs/evaluations/0005/requirement-maps/p2panda.csv,continue-selected-implementation,none,none,"This is local mechanism evidence only. Selected Blob network delivery, adversarial multi-writer interoperability, retention/GC policy, scale, and acceptance remain open."
DM-5.3-05,must,baseline,hard_invariant,true,open,unassigned,No selected-production-lane evidence is mapped.,crates/aster-core,crates/aster-core/src/causal.rs; crates/aster-core/src/engine.rs; crates/aster-core/src/source_event.rs; crates/aster-core/src/crypto/reference.rs; aster-core source tests,Retain the named proven source until the selected replacement passes equivalent source tests.,none,pointer-only-no-production-credit,docs/evaluations/0005/requirement-maps/p2panda.csv; docs/evaluations/0005/requirement-maps/willow.csv,migrate-and-verify,none,none,"Migrate equivalent behavior from the named source, integrate it with the selected composition, and pass equivalent tests: Automatically merge concurrent Record versions when a registered merge policy applies."
DM-5.3-06,must,baseline,hard_invariant,true,observed-bounded,aster-core + aster-redb-store + aster-node,crates/aster-core/src/source_record.rs; crates/aster-redb-store/src/lib.rs; crates/aster-node/src/application/record.rs; crates/aster-node/examples/record_application.rs; docs/quickstart/selected-record-api.md; crates/aster-redb-store/src/lib.rs; crates/aster-node/src/frame.rs; crates/aster-node/src/runtime.rs; crates/aster-node/src/main.rs; crates/aster-node/src/runtime.rs::tests::real_iroh_contact_converges_state_and_disconnected_record_siblings; docs/quickstart/selected-state-api.md; docs/quickstart/selected-record-api.md; all active causal Record maxima are retained when no automatic merge executes; a real-Iroh contact between two disconnected publishers leaves the same two heads on both independent stores,crates/aster-core,crates/aster-core/src/causal.rs; crates/aster-core/src/engine.rs; crates/aster-core/src/source_event.rs; crates/aster-core/src/crypto/reference.rs; aster-core source tests,Retain the named proven source until the selected replacement passes equivalent source tests.,none,pointer-only-no-production-credit,docs/evaluations/0005/requirement-maps/p2panda.csv; docs/evaluations/0005/requirement-maps/willow.csv,continue-selected-implementation,none,none,"The selected slice deliberately executes no registered merge policy. The observation is one same-implementation direct contact; add a convergent registered-policy design separately, then verify longer partitions, relays, retention/GC interaction, mixed implementations, scale, and release acceptance."
DM-5.3-07,must,baseline,hard_invariant,true,implemented-uncredited,aster-redb-store + aster-node,"crates/aster-core/src/source_record.rs; crates/aster-redb-store/src/lib.rs; crates/aster-node/src/application/record.rs; crates/aster-node/examples/record_application.rs; docs/quickstart/selected-record-api.md; crates/aster-redb-store/src/lib.rs; crates/aster-node/src/frame.rs; crates/aster-node/src/runtime.rs; crates/aster-node/src/main.rs; crates/aster-node/src/runtime.rs::tests::real_iroh_contact_converges_state_and_disconnected_record_siblings; docs/quickstart/selected-state-api.md; docs/quickstart/selected-record-api.md; exact-key query returns an explicit RecordConflict whenever more than one active causal head exists, with every sorted sibling semantic ID and an opaque exact projection guard; network ingest retains the two-head structure",crates/aster-core,crates/aster-core/src/causal.rs; crates/aster-core/src/engine.rs; crates/aster-core/src/source_event.rs; crates/aster-core/src/crypto/reference.rs; aster-core source tests,Retain the named proven source until the selected replacement passes equivalent source tests.,none,pointer-only-no-production-credit,docs/evaluations/0005/requirement-maps/p2panda.csv; docs/evaluations/0005/requirement-maps/willow.csv,continue-selected-implementation,none,none,"Conflict annotation is still exposed only through the stopped Rust facade. Live application delivery, language bindings, independent interoperability, and retained acceptance remain open."
DM-5.3-08,must,baseline,product_scope,true,implemented-uncredited,aster-node,"crates/aster-core/src/source_record.rs; crates/aster-redb-store/src/lib.rs; crates/aster-node/src/application/record.rs; crates/aster-node/examples/record_application.rs; docs/quickstart/selected-record-api.md; the high-level RecordProjection exposes Current, Concurrent, optional Superseded, and RecordConflict application fields while omitting sealed bytes, exact transfer identities, causal vectors, provider internals, and store plan tokens",crates/aster-core,crates/aster-core/src/causal.rs; crates/aster-core/src/engine.rs; crates/aster-core/src/source_event.rs; crates/aster-core/src/crypto/reference.rs; aster-core source tests,Retain the named proven source until the selected replacement passes equivalent source tests.,none,pointer-only-no-production-credit,docs/evaluations/0005/requirement-maps/p2panda.csv; docs/evaluations/0005/requirement-maps/willow.csv,continue-selected-implementation,none,none,"Only the exclusive stopped Rust facade exposes this API. Live Record, selected-node C/Go/Python bindings, independent usability evidence, and retained acceptance remain open."
DM-5.3-09,must,baseline,hard_invariant,true,observed-bounded,aster-redb-store + aster-node,"crates/aster-core/src/source_record.rs; crates/aster-redb-store/src/lib.rs; crates/aster-node/src/application/record.rs; crates/aster-node/examples/record_application.rs; docs/quickstart/selected-record-api.md; crates/aster-redb-store/src/lib.rs; crates/aster-node/src/frame.rs; crates/aster-node/src/runtime.rs; crates/aster-node/src/main.rs; crates/aster-node/src/runtime.rs::tests::real_iroh_contact_converges_state_and_disconnected_record_siblings; docs/quickstart/selected-state-api.md; docs/quickstart/selected-record-api.md; ordinary publish fails atomically across multiple heads, guarded resolution must observe the exact complete sibling set, and a real-Iroh contact preserves both disconnected revisions on both stores without merge execution",crates/aster-core,crates/aster-core/src/causal.rs; crates/aster-core/src/engine.rs; crates/aster-core/src/source_event.rs; crates/aster-core/src/crypto/reference.rs; aster-core source tests,Retain the named proven source until the selected replacement passes equivalent source tests.,none,pointer-only-no-production-credit,docs/evaluations/0005/requirement-maps/p2panda.csv; docs/evaluations/0005/requirement-maps/willow.csv,continue-selected-implementation,none,none,"The network observation is one same-implementation direct contact. Verify crashes at external boundaries, longer partitions and relays, automatic merge if later added, mixed implementations, adversarial scale, and release acceptance."
DM-5.3-10,must,baseline,hard_invariant,true,implemented-uncredited,aster-redb-store + aster-node,crates/aster-core/src/source_record.rs; crates/aster-redb-store/src/lib.rs; crates/aster-node/src/application/record.rs; crates/aster-node/examples/record_application.rs; docs/quickstart/selected-record-api.md; crates/aster-redb-store/src/lib.rs; crates/aster-node/src/frame.rs; crates/aster-node/src/runtime.rs; crates/aster-node/src/main.rs; crates/aster-node/src/runtime.rs::tests::real_iroh_contact_converges_state_and_disconnected_record_siblings; docs/quickstart/selected-state-api.md; docs/quickstart/selected-record-api.md; causally dominated active Record revisions remain durably retained and are returned in the optional Superseded lane after fresh verification; guarded resolution turns every inspected head into recoverable history and network ingest never executes merge code,crates/aster-core,crates/aster-core/src/causal.rs; crates/aster-core/src/engine.rs; crates/aster-core/src/source_event.rs; crates/aster-core/src/crypto/reference.rs; aster-core source tests,Retain the named proven source until the selected replacement passes equivalent source tests.,none,pointer-only-no-production-credit,docs/evaluations/0005/requirement-maps/p2panda.csv; docs/evaluations/0005/requirement-maps/willow.csv,continue-selected-implementation,none,none,"The slice rejects at its per-key bound rather than silently evicting, but explicit-policy garbage collection is not implemented. Add retention/GC policy and verify networked superseded history, restart, expiry, scale, and acceptance."
DM-5.3-11,may,baseline,preference_or_future,false,open,unassigned,No selected-production-lane evidence is mapped.,crates/aster-core,crates/aster-core/src/causal.rs; crates/aster-core/src/engine.rs; crates/aster-core/src/source_event.rs; crates/aster-core/src/crypto/reference.rs; aster-core source tests,Retain the named proven source until the selected replacement passes equivalent source tests.,none,pointer-only-no-production-credit,docs/evaluations/0005/requirement-maps/p2panda.csv,migrate-and-verify,none,none,"Migrate equivalent behavior from the named source, integrate it with the selected composition, and pass equivalent tests: Permit integrators to register application merge functions by topic and class."
DM-5.3-12,must,baseline,hard_invariant,true,open,unassigned,No selected-production-lane evidence is mapped.,crates/aster-core,crates/aster-core/src/causal.rs; crates/aster-core/src/engine.rs; crates/aster-core/src/source_event.rs; crates/aster-core/src/crypto/reference.rs; aster-core source tests,Retain the named proven source until the selected replacement passes equivalent source tests.,none,pointer-only-no-production-credit,docs/evaluations/0005/requirement-maps/p2panda.csv,migrate-and-verify,none,none,"Migrate equivalent behavior from the named source, integrate it with the selected composition, and pass equivalent tests: Require registered merge functions to be deterministic for identical inputs."
DM-5.4-01,must,baseline,hard_invariant,true,implemented-uncredited,aster-profile,crates/aster-profile/src/item.rs; requirements-owned reconciliation key and canonical inventory mechanics; Event transfer identity enters this adapter only through an explicit exact-digest conversion,crates/aster-core; crates/aster-host,crates/aster-core/src/causal.rs; crates/aster-core/src/engine.rs; crates/aster-core/src/source_event.rs; crates/aster-core/src/crypto/reference.rs; aster-core source tests; crates/aster-host/src; aster-host source tests,Retain the named proven source until the selected replacement passes equivalent source tests.,none,pointer-only-no-production-credit,docs/evaluations/0005/requirement-maps/selected-stack.json; docs/evaluations/0005/requirement-maps/product-assurance.csv,continue-selected-implementation,none,none,Adopt stakeholder-approved names/count and wire priority through authenticated items and scheduling.
DM-5.4-02,provisional,baseline,provisional_target,false,open,stakeholder; requirements owner,No selected-production-lane evidence is mapped.,crates/aster-core; crates/aster-host,crates/aster-core/src/causal.rs; crates/aster-core/src/engine.rs; crates/aster-core/src/source_event.rs; crates/aster-core/src/crypto/reference.rs; aster-core source tests; crates/aster-host/src; aster-host source tests,Retain the named proven source until the selected replacement passes equivalent source tests.,none,pointer-only-no-production-credit,docs/evaluations/0005/requirement-maps/product-assurance.csv,external-gate-and-implementation,stakeholder-provisional-target,stakeholder; requirements owner,Complete the named external gate and any selected implementation work; then verify: Evaluate the number of priority levels.
DM-5.4-03,should,baseline,preference_or_future,false,open,unassigned,No selected-production-lane evidence is mapped.,crates/aster-core; crates/aster-host,crates/aster-core/src/causal.rs; crates/aster-core/src/engine.rs; crates/aster-core/src/source_event.rs; crates/aster-core/src/crypto/reference.rs; aster-core source tests; crates/aster-host/src; aster-host source tests,Retain the named proven source until the selected replacement passes equivalent source tests.,none,none,none,migrate-and-verify,none,none,"Migrate equivalent behavior from the named source, integrate it with the selected composition, and pass equivalent tests: Align priority names with prevailing message-precedence doctrine."
DM-5.4-04,open,governance,preference_or_future,false,open,stakeholder; requirements owner,No selected-production-lane evidence is mapped.,crates/aster-core; crates/aster-host,crates/aster-core/src/causal.rs; crates/aster-core/src/engine.rs; crates/aster-core/src/source_event.rs; crates/aster-core/src/crypto/reference.rs; aster-core source tests; crates/aster-host/src; aster-host source tests,Retain the named proven source until the selected replacement passes equivalent source tests.,none,none,none,stakeholder-governance-gate,stakeholder-governance-decision,stakeholder; requirements owner,The named gate owner must decide or validate this governance obligation; record the disposition before release: Validate final priority names with stakeholders and applicable service doctrine.
DM-5.4-05,binding,baseline,hard_invariant,true,open,unassigned,No selected-production-lane evidence is mapped.,crates/aster-core; crates/aster-host,crates/aster-core/src/causal.rs; crates/aster-core/src/engine.rs; crates/aster-core/src/source_event.rs; crates/aster-core/src/crypto/reference.rs; aster-core source tests; crates/aster-host/src; aster-host source tests,Retain the named proven source until the selected replacement passes equivalent source tests.,none,none,none,migrate-and-verify,none,none,"Migrate equivalent behavior from the named source, integrate it with the selected composition, and pass equivalent tests: The publisher assigns priority per item."
DM-5.4-06,may,baseline,preference_or_future,false,open,unassigned,No selected-production-lane evidence is mapped.,crates/aster-core; crates/aster-host,crates/aster-core/src/causal.rs; crates/aster-core/src/engine.rs; crates/aster-core/src/source_event.rs; crates/aster-core/src/crypto/reference.rs; aster-core source tests; crates/aster-host/src; aster-host source tests,Retain the named proven source until the selected replacement passes equivalent source tests.,none,none,none,migrate-and-verify,none,none,"Migrate equivalent behavior from the named source, integrate it with the selected composition, and pass equivalent tests: Permit topics to define default priority."
DM-5.4-07,may,baseline,preference_or_future,false,open,unassigned,No selected-production-lane evidence is mapped.,crates/aster-core; crates/aster-host,crates/aster-core/src/causal.rs; crates/aster-core/src/engine.rs; crates/aster-core/src/source_event.rs; crates/aster-core/src/crypto/reference.rs; aster-core source tests; crates/aster-host/src; aster-host source tests,Retain the named proven source until the selected replacement passes equivalent source tests.,none,none,none,migrate-and-verify,none,none,"Migrate equivalent behavior from the named source, integrate it with the selected composition, and pass equivalent tests: Permit integrator policy to cap item priority."
DM-5.4-08,may,baseline,preference_or_future,false,open,unassigned,No selected-production-lane evidence is mapped.,crates/aster-core; crates/aster-host,crates/aster-core/src/causal.rs; crates/aster-core/src/engine.rs; crates/aster-core/src/source_event.rs; crates/aster-core/src/crypto/reference.rs; aster-core source tests; crates/aster-host/src; aster-host source tests,Retain the named proven source until the selected replacement passes equivalent source tests.,none,none,none,migrate-and-verify,none,none,"Migrate equivalent behavior from the named source, integrate it with the selected composition, and pass equivalent tests: Permit integrator policy to override item priority."
DM-5.4-09,must,baseline,hard_invariant,true,open,unassigned,No selected-production-lane evidence is mapped.,crates/aster-core; crates/aster-host,crates/aster-core/src/causal.rs; crates/aster-core/src/engine.rs; crates/aster-core/src/source_event.rs; crates/aster-core/src/crypto/reference.rs; aster-core source tests; crates/aster-host/src; aster-host source tests,Retain the named proven source until the selected replacement passes equivalent source tests.,none,pointer-only-no-production-credit,docs/evaluations/0005/requirement-maps/selected-stack.json; docs/evaluations/0005/requirement-maps/product-assurance.csv,migrate-and-verify,none,none,"Migrate equivalent behavior from the named source, integrate it with the selected composition, and pass equivalent tests: Use priority to govern transmission ordering."
DM-5.4-10,must,baseline,hard_invariant,true,open,unassigned,No selected-production-lane evidence is mapped.,crates/aster-core; crates/aster-host,crates/aster-core/src/causal.rs; crates/aster-core/src/engine.rs; crates/aster-core/src/source_event.rs; crates/aster-core/src/crypto/reference.rs; aster-core source tests; crates/aster-host/src; aster-host source tests,Retain the named proven source until the selected replacement passes equivalent source tests.,none,pointer-only-no-production-credit,docs/evaluations/0005/requirement-maps/product-assurance.csv,migrate-and-verify,none,none,"Migrate equivalent behavior from the named source, integrate it with the selected composition, and pass equivalent tests: Use priority to govern retransmission aggressiveness."
DM-5.4-11,must,baseline,hard_invariant,true,open,unassigned,No selected-production-lane evidence is mapped.,crates/aster-core; crates/aster-host,crates/aster-core/src/causal.rs; crates/aster-core/src/engine.rs; crates/aster-core/src/source_event.rs; crates/aster-core/src/crypto/reference.rs; aster-core source tests; crates/aster-host/src; aster-host source tests,Retain the named proven source until the selected replacement passes equivalent source tests.,none,pointer-only-no-production-credit,docs/evaluations/0005/requirement-maps/blob.csv; docs/evaluations/0005/requirement-maps/product-assurance.csv,migrate-and-verify,none,none,"Migrate equivalent behavior from the named source, integrate it with the selected composition, and pass equivalent tests: Under storage pressure evict lowest-priority items first."
DM-5.4-12,binding,baseline,hard_invariant,true,open,unassigned,No selected-production-lane evidence is mapped.,crates/aster-core; crates/aster-host,crates/aster-core/src/causal.rs; crates/aster-core/src/engine.rs; crates/aster-core/src/source_event.rs; crates/aster-core/src/crypto/reference.rs; aster-core source tests; crates/aster-host/src; aster-host source tests,Retain the named proven source until the selected replacement passes equivalent source tests.,none,pointer-only-no-production-credit,docs/evaluations/0005/requirement-maps/selected-stack.json; docs/evaluations/0005/requirement-maps/product-assurance.csv,migrate-and-verify,none,none,"Migrate equivalent behavior from the named source, integrate it with the selected composition, and pass equivalent tests: Keep perishability orthogonal to priority."
DM-5.4-13,must,baseline,hard_invariant,true,open,unassigned,No selected-production-lane evidence is mapped.,crates/aster-core; crates/aster-host,crates/aster-core/src/causal.rs; crates/aster-core/src/engine.rs; crates/aster-core/src/source_event.rs; crates/aster-core/src/crypto/reference.rs; aster-core source tests; crates/aster-host/src; aster-host source tests,Retain the named proven source until the selected replacement passes equivalent source tests.,none,pointer-only-no-production-credit,docs/evaluations/0005/requirement-maps/product-assurance.csv,migrate-and-verify,none,none,"Migrate equivalent behavior from the named source, integrate it with the selected composition, and pass equivalent tests: Do not transmit expired items."
DM-5.4-14,must,baseline,hard_invariant,true,open,unassigned,No selected-production-lane evidence is mapped.,crates/aster-core; crates/aster-host,crates/aster-core/src/causal.rs; crates/aster-core/src/engine.rs; crates/aster-core/src/source_event.rs; crates/aster-core/src/crypto/reference.rs; aster-core source tests; crates/aster-host/src; aster-host source tests,Retain the named proven source until the selected replacement passes equivalent source tests.,none,none,none,migrate-and-verify,none,none,"Migrate equivalent behavior from the named source, integrate it with the selected composition, and pass equivalent tests: Garbage-collect expired items."
DM-5.4-15,must,baseline,hard_invariant,true,open,unassigned,No selected-production-lane evidence is mapped.,crates/aster-core; crates/aster-host,crates/aster-core/src/causal.rs; crates/aster-core/src/engine.rs; crates/aster-core/src/source_event.rs; crates/aster-core/src/crypto/reference.rs; aster-core source tests; crates/aster-host/src; aster-host source tests,Retain the named proven source until the selected replacement passes equivalent source tests.,none,pointer-only-no-production-credit,docs/evaluations/0005/requirement-maps/discovery.csv; docs/evaluations/0005/requirement-maps/selected-stack.json,migrate-and-verify,none,none,"Migrate equivalent behavior from the named source, integrate it with the selected composition, and pass equivalent tests: Support constrained-emission policy."
DM-5.4-16,must,baseline,hard_invariant,true,open,unassigned,No selected-production-lane evidence is mapped.,crates/aster-core; crates/aster-host,crates/aster-core/src/causal.rs; crates/aster-core/src/engine.rs; crates/aster-core/src/source_event.rs; crates/aster-core/src/crypto/reference.rs; aster-core source tests; crates/aster-host/src; aster-host source tests,Retain the named proven source until the selected replacement passes equivalent source tests.,none,none,none,migrate-and-verify,none,none,"Migrate equivalent behavior from the named source, integrate it with the selected composition, and pass equivalent tests: Support a configured minimum priority for transmission."
DM-5.4-17,must,baseline,hard_invariant,true,open,unassigned,No selected-production-lane evidence is mapped.,crates/aster-core; crates/aster-host,crates/aster-core/src/causal.rs; crates/aster-core/src/engine.rs; crates/aster-core/src/source_event.rs; crates/aster-core/src/crypto/reference.rs; aster-core source tests; crates/aster-host/src; aster-host source tests,Retain the named proven source until the selected replacement passes equivalent source tests.,none,pointer-only-no-production-credit,docs/evaluations/0005/requirement-maps/discovery.csv,migrate-and-verify,none,none,"Migrate equivalent behavior from the named source, integrate it with the selected composition, and pass equivalent tests: Support a radio-silent receive-only mode."
DM-5.4-18,must,baseline,hard_invariant,true,open,unassigned,No selected-production-lane evidence is mapped.,crates/aster-core; crates/aster-host,crates/aster-core/src/causal.rs; crates/aster-core/src/engine.rs; crates/aster-core/src/source_event.rs; crates/aster-core/src/crypto/reference.rs; aster-core source tests; crates/aster-host/src; aster-host source tests,Retain the named proven source until the selected replacement passes equivalent source tests.,none,pointer-only-no-production-credit,docs/evaluations/0005/requirement-maps/discovery.csv,migrate-and-verify,none,none,"Migrate equivalent behavior from the named source, integrate it with the selected composition, and pass equivalent tests: Continue accepting inbound synchronization in receive-only mode."
DM-5.4-19,must,mvp,product_scope,true,open,unassigned,No selected-production-lane evidence is mapped.,crates/aster-core; crates/aster-host,crates/aster-core/src/causal.rs; crates/aster-core/src/engine.rs; crates/aster-core/src/source_event.rs; crates/aster-core/src/crypto/reference.rs; aster-core source tests; crates/aster-host/src; aster-host source tests,Retain the named proven source until the selected replacement passes equivalent source tests.,none,none,none,migrate-and-verify,none,none,"Migrate equivalent behavior from the named source, integrate it with the selected composition, and pass equivalent tests: Ship emission-policy hooks at MVP."
DM-5.4-20,binding,post-mvp,product_scope,true,open,product owner,No selected-production-lane evidence is mapped.,crates/aster-core; crates/aster-host,crates/aster-core/src/causal.rs; crates/aster-core/src/engine.rs; crates/aster-core/src/source_event.rs; crates/aster-core/src/crypto/reference.rs; aster-core source tests; crates/aster-host/src; aster-host source tests,Retain the named proven source until the selected replacement passes equivalent source tests.,none,none,none,deferred-post-mvp,none,none,Retain as explicit post-MVP work and preserve its extension seam: Provide richer emission policy after MVP.
DM-5.4-21,must,baseline,hard_invariant,true,open,unassigned,No selected-production-lane evidence is mapped.,crates/aster-core; crates/aster-host,crates/aster-core/src/causal.rs; crates/aster-core/src/engine.rs; crates/aster-core/src/source_event.rs; crates/aster-core/src/crypto/reference.rs; aster-core source tests; crates/aster-host/src; aster-host source tests,Retain the named proven source until the selected replacement passes equivalent source tests.,none,pointer-only-no-production-credit,docs/evaluations/0005/requirement-maps/discovery.csv; docs/evaluations/0005/requirement-maps/selected-stack.json,migrate-and-verify,none,none,"Migrate equivalent behavior from the named source, integrate it with the selected composition, and pass equivalent tests: Make constrained-mode behavior simple and predictable."
DM-5.4-22,must,baseline,hard_invariant,true,open,unassigned,No selected-production-lane evidence is mapped.,crates/aster-core; crates/aster-host,crates/aster-core/src/causal.rs; crates/aster-core/src/engine.rs; crates/aster-core/src/source_event.rs; crates/aster-core/src/crypto/reference.rs; aster-core source tests; crates/aster-host/src; aster-host source tests,Retain the named proven source until the selected replacement passes equivalent source tests.,none,none,none,migrate-and-verify,none,none,"Migrate equivalent behavior from the named source, integrate it with the selected composition, and pass equivalent tests: Limit constrained operation to a small parameter matrix of priority TTL and emission threshold."
DM-5.5-01,must,baseline,hard_invariant,true,implemented-uncredited,aster-core + aster-redb-store + aster-node,"crates/aster-core/src/source_event.rs; crates/aster-redb-store/src/lib.rs; crates/aster-node/src/runtime.rs; crates/aster-node/src/application.rs; crates/aster-node/examples/event_application.rs; docs/quickstart/selected-event-api.md; crates/aster-node/tests/mesh_cli.rs; crates/aster-redb-store/src/lib.rs; crates/aster-node/src/frame.rs; crates/aster-node/src/runtime.rs; crates/aster-node/src/application.rs; crates/aster-node/examples/event_application.rs; crates/aster-redb-store/src/lib.rs; crates/aster-node/src/frame.rs; crates/aster-node/src/runtime.rs; crates/aster-node/src/main.rs; crates/aster-node/src/runtime.rs::tests::real_iroh_contact_converges_state_and_disconnected_record_siblings; docs/quickstart/selected-state-api.md; docs/quickstart/selected-record-api.md; Event, State, and Record topic/scope are distinct authenticated fields and durable index dimensions; Event uses canonical Consume/Carry selectors and mutable classes use explicit canonical interests",crates/aster-core; crates/aster-host,crates/aster-core/src/causal.rs; crates/aster-core/src/engine.rs; crates/aster-core/src/source_event.rs; crates/aster-core/src/crypto/reference.rs; aster-core source tests; crates/aster-host/src; aster-host source tests,Retain the named proven source until the selected replacement passes equivalent source tests.,none,pointer-only-no-production-credit,docs/evaluations/0005/requirement-maps/p2panda.csv; docs/evaluations/0005/requirement-maps/willow.csv,continue-selected-implementation,none,none,"Repeated multiple-scope selector lifecycle, bridges, Blob networking, and independent interoperability remain open."
DM-5.5-02,binding,baseline,hard_invariant,true,implemented-uncredited,aster-redb-store + aster-node,crates/aster-redb-store/src/lib.rs; crates/aster-node/src/frame.rs; crates/aster-node/src/runtime.rs; crates/aster-node/src/application.rs; crates/aster-node/examples/event_application.rs; crates/aster-node/src/application.rs; crates/aster-node/src/runtime.rs; crates/aster-node/src/lib.rs; crates/aster-node/examples/live_event_application.rs; crates/aster-node/tests/mesh_cli.rs::offline_publish_later_real_process_sync_poll_ack_and_restart; docs/quickstart/selected-event-api.md; crates/aster-redb-store/src/lib.rs; crates/aster-node/src/frame.rs; crates/aster-node/src/runtime.rs; crates/aster-node/src/main.rs; crates/aster-node/src/runtime.rs::tests::real_iroh_contact_converges_state_and_disconnected_record_siblings; docs/quickstart/selected-state-api.md; docs/quickstart/selected-record-api.md; bounded canonical Event selectors and explicit State/Record interest sets become mission-protected receiver interests; empty means receive-none; current-code direct contacts synchronize selected objects,crates/aster-core; crates/aster-host,crates/aster-core/src/causal.rs; crates/aster-core/src/engine.rs; crates/aster-core/src/source_event.rs; crates/aster-core/src/crypto/reference.rs; aster-core source tests; crates/aster-host/src; aster-host source tests,Retain the named proven source until the selected replacement passes equivalent source tests.,none,pointer-only-no-production-credit,docs/evaluations/0005/requirement-maps/p2panda.csv; docs/evaluations/0005/requirement-maps/willow.csv,continue-selected-implementation,none,none,"State/Record interests are runtime configuration rather than durable application subscriptions. No retained multi-class receipt exists; Blob, repeated multi-scope replacement lifecycle, physical peers, scale, and mixed-implementation acceptance remain open."
DM-5.5-03,binding,baseline,hard_invariant,true,implemented-uncredited,aster-node,"docs/implementation/requirements-status.md#mission-authenticated-runtime-validation; docs/implementation/requirements-status.md#mission-control-revocation-and-rekey-receipt; crates/aster-redb-store/src/lib.rs; crates/aster-node/src/frame.rs; crates/aster-node/src/runtime.rs; crates/aster-node/src/main.rs; crates/aster-node/src/runtime.rs::tests::real_iroh_contact_converges_state_and_disconnected_record_siblings; docs/quickstart/selected-state-api.md; docs/quickstart/selected-record-api.md; per-contact Event, State, and Record inventory/Offer are filtered by the authenticated peer's current authority-signed scope/epoch route grant",crates/aster-core; crates/aster-host,crates/aster-core/src/causal.rs; crates/aster-core/src/engine.rs; crates/aster-core/src/source_event.rs; crates/aster-core/src/crypto/reference.rs; aster-core source tests; crates/aster-host/src; aster-host source tests,Retain the named proven source until the selected replacement passes equivalent source tests.,none,pointer-only-no-production-credit,docs/evaluations/0005/requirement-maps/p2panda.csv; docs/evaluations/0005/requirement-maps/willow.csv,continue-selected-implementation,none,none,"Verify repeated join/leave and membership churn across multiple scopes, Blob, physical peers, and independent implementations."
DM-5.5-04,binding,baseline,hard_invariant,true,open,unassigned,No selected-production-lane evidence is mapped.,crates/aster-core; crates/aster-host,crates/aster-core/src/causal.rs; crates/aster-core/src/engine.rs; crates/aster-core/src/source_event.rs; crates/aster-core/src/crypto/reference.rs; aster-core source tests; crates/aster-host/src; aster-host source tests,Retain the named proven source until the selected replacement passes equivalent source tests.,none,pointer-only-no-production-credit,docs/evaluations/0005/requirement-maps/willow.csv,migrate-and-verify,none,none,"Migrate equivalent behavior from the named source, integrate it with the selected composition, and pass equivalent tests: Do not require any node to store or forward the global dataset."
DM-5.5-05,may,baseline,preference_or_future,false,observed-bounded,aster-core + aster-redb-store + aster-node,"docs/implementation/requirements-status.md#reproducible-receipt; the intermediate had route access but no topic-content grant, retained exact sealed bytes, and semantically accepted zero Events",crates/aster-core; crates/aster-host,crates/aster-core/src/causal.rs; crates/aster-core/src/engine.rs; crates/aster-core/src/source_event.rs; crates/aster-core/src/crypto/reference.rs; aster-core source tests; crates/aster-host/src; aster-host source tests,Retain the named proven source until the selected replacement passes equivalent source tests.,none,pointer-only-no-production-credit,docs/evaluations/0005/requirement-maps/p2panda.csv,continue-selected-implementation,none,none,The observation covers one Event topic/scope and line topology; generalized relay policy and all other data classes remain open.
DM-5.5-06,binding,baseline,hard_invariant,true,implemented-uncredited,aster-node,docs/implementation/requirements-status.md#mission-authenticated-runtime-validation; docs/implementation/requirements-status.md#mission-control-revocation-and-rekey-receipt; peers without the current authenticated Event scope/epoch route grant learn no matching inventory ID and cannot fetch or offer it,crates/aster-core; crates/aster-host,crates/aster-core/src/causal.rs; crates/aster-core/src/engine.rs; crates/aster-core/src/source_event.rs; crates/aster-core/src/crypto/reference.rs; aster-core source tests; crates/aster-host/src; aster-host source tests,Retain the named proven source until the selected replacement passes equivalent source tests.,none,none,none,continue-selected-implementation,none,none,"Verify repeated dynamic membership changes, multiple scopes, physical peers, and all data classes."
DM-5.5-07,binding,baseline,hard_invariant,true,implemented-uncredited,aster-redb-store,"crates/aster-core/src/source_event.rs; crates/aster-redb-store/src/lib.rs; crates/aster-node/src/runtime.rs; crates/aster-node/src/application.rs; crates/aster-node/examples/event_application.rs; docs/quickstart/selected-event-api.md; crates/aster-node/tests/mesh_cli.rs; route-only cache and accepted Event bytes share aggregate store limits, with additional hard route-cache caps",crates/aster-core; crates/aster-host,crates/aster-core/src/causal.rs; crates/aster-core/src/engine.rs; crates/aster-core/src/source_event.rs; crates/aster-core/src/crypto/reference.rs; aster-core source tests; crates/aster-host/src; aster-host source tests,Retain the named proven source until the selected replacement passes equivalent source tests.,none,pointer-only-no-production-credit,docs/evaluations/0005/requirement-maps/blob.csv; docs/evaluations/0005/requirement-maps/product-assurance.csv,continue-selected-implementation,none,none,"Expose and verify operator-configurable relay quotas, eviction policy, priority interaction, and sustained pressure behavior."
DM-5.5-08,binding,baseline,hard_invariant,true,open,unassigned,No selected-production-lane evidence is mapped.,crates/aster-core; crates/aster-host,crates/aster-core/src/causal.rs; crates/aster-core/src/engine.rs; crates/aster-core/src/source_event.rs; crates/aster-core/src/crypto/reference.rs; aster-core source tests; crates/aster-host/src; aster-host source tests,Retain the named proven source until the selected replacement passes equivalent source tests.,none,pointer-only-no-production-credit,docs/evaluations/0005/requirement-maps/product-assurance.csv,migrate-and-verify,none,none,"Migrate equivalent behavior from the named source, integrate it with the selected composition, and pass equivalent tests: Apply configurable bandwidth quotas to relay behavior."
DM-5.5-09,must,baseline,hard_invariant,true,open,unassigned,No selected-production-lane evidence is mapped.,crates/aster-core; crates/aster-host,crates/aster-core/src/causal.rs; crates/aster-core/src/engine.rs; crates/aster-core/src/source_event.rs; crates/aster-core/src/crypto/reference.rs; aster-core source tests; crates/aster-host/src; aster-host source tests,Retain the named proven source until the selected replacement passes equivalent source tests.,none,none,none,migrate-and-verify,none,none,"Migrate equivalent behavior from the named source, integrate it with the selected composition, and pass equivalent tests: Allow bridges to connect scopes."
DM-5.5-10,must,baseline,hard_invariant,true,open,unassigned,No selected-production-lane evidence is mapped.,crates/aster-core; crates/aster-host,crates/aster-core/src/causal.rs; crates/aster-core/src/engine.rs; crates/aster-core/src/source_event.rs; crates/aster-core/src/crypto/reference.rs; aster-core source tests; crates/aster-host/src; aster-host source tests,Retain the named proven source until the selected replacement passes equivalent source tests.,none,none,none,migrate-and-verify,none,none,"Migrate equivalent behavior from the named source, integrate it with the selected composition, and pass equivalent tests: Filter bridged data by topic."
DM-5.5-11,must,baseline,hard_invariant,true,open,unassigned,No selected-production-lane evidence is mapped.,crates/aster-core; crates/aster-host,crates/aster-core/src/causal.rs; crates/aster-core/src/engine.rs; crates/aster-core/src/source_event.rs; crates/aster-core/src/crypto/reference.rs; aster-core source tests; crates/aster-host/src; aster-host source tests,Retain the named proven source until the selected replacement passes equivalent source tests.,none,none,none,migrate-and-verify,none,none,"Migrate equivalent behavior from the named source, integrate it with the selected composition, and pass equivalent tests: Filter bridged data by priority."
DM-5.5-12,future,future,preference_or_future,false,open,architecture owner,No selected-production-lane evidence is mapped.,crates/aster-core; crates/aster-host,crates/aster-core/src/causal.rs; crates/aster-core/src/engine.rs; crates/aster-core/src/source_event.rs; crates/aster-core/src/crypto/reference.rs; aster-core source tests; crates/aster-host/src; aster-host source tests,Retain the named proven source until the selected replacement passes equivalent source tests.,none,none,none,deferred-future-extension-seam,none,none,Preserve the extension seam without pulling this work into MVP: Permit future aggregation at bridges.
DM-5.5-13,future,future,preference_or_future,false,open,architecture owner,No selected-production-lane evidence is mapped.,crates/aster-core; crates/aster-host,crates/aster-core/src/causal.rs; crates/aster-core/src/engine.rs; crates/aster-core/src/source_event.rs; crates/aster-core/src/crypto/reference.rs; aster-core source tests; crates/aster-host/src; aster-host source tests,Retain the named proven source until the selected replacement passes equivalent source tests.,none,none,none,deferred-future-extension-seam,none,none,Preserve the extension seam without pulling this work into MVP: Permit future summarization at bridges.
DM-5.5-14,may,baseline,preference_or_future,false,open,unassigned,No selected-production-lane evidence is mapped.,crates/aster-core; crates/aster-host,crates/aster-core/src/causal.rs; crates/aster-core/src/engine.rs; crates/aster-core/src/source_event.rs; crates/aster-core/src/crypto/reference.rs; aster-core source tests; crates/aster-host/src; aster-host source tests,Retain the named proven source until the selected replacement passes equivalent source tests.,none,none,none,migrate-and-verify,none,none,"Migrate equivalent behavior from the named source, integrate it with the selected composition, and pass equivalent tests: Permit scopes to nest hierarchically."
DM-5.6-01,must,baseline,hard_invariant,true,implemented-uncredited,aster-node,"docs/implementation/requirements-status.md#reproducible-receipt; crates/aster-redb-store/src/lib.rs; crates/aster-node/src/frame.rs; crates/aster-node/src/runtime.rs; crates/aster-node/src/main.rs; crates/aster-node/src/runtime.rs::tests::real_iroh_contact_converges_state_and_disconnected_record_siblings; docs/quickstart/selected-state-api.md; docs/quickstart/selected-record-api.md; same-implementation nodes synchronized source-sealed Event, State, and Record objects over direct one-host loopback",crates/aster-core; crates/aster-host,crates/aster-core/src/causal.rs; crates/aster-core/src/engine.rs; crates/aster-core/src/source_event.rs; crates/aster-core/src/crypto/reference.rs; aster-core source tests; crates/aster-host/src; aster-host source tests,Retain the named proven source until the selected replacement passes equivalent source tests.,none,pointer-only-no-production-credit,docs/evaluations/0005/requirement-maps/carrier.csv; docs/evaluations/0005/requirement-maps/selected-stack.json,continue-selected-implementation,none,none,"Add independent conformance, broader partitions/relays, and networked Blob before physical transport and broader network acceptance."
DM-5.6-02,must,baseline,hard_invariant,true,observed-bounded,aster-node,"docs/implementation/requirements-status.md#reproducible-receipt; direct endpoints ran with relays, discovery, and port mapping disabled",crates/aster-core; crates/aster-host,crates/aster-core/src/causal.rs; crates/aster-core/src/engine.rs; crates/aster-core/src/source_event.rs; crates/aster-core/src/crypto/reference.rs; aster-core source tests; crates/aster-host/src; aster-host source tests,Retain the named proven source until the selected replacement passes equivalent source tests.,none,pointer-only-no-production-credit,docs/evaluations/0005/requirement-maps/carrier.csv; docs/evaluations/0005/requirement-maps/discovery.csv; docs/evaluations/0005/requirement-maps/selected-stack.json,continue-selected-implementation,none,none,Verify infrastructure-free operation across physical systems and required transports.
DM-5.6-03,must,baseline,hard_invariant,true,observed-bounded,aster-node,docs/implementation/requirements-status.md#reproducible-receipt; a three-node line used isolated per-edge cohorts to exact-forward one pre-existing protected Ping or Pong difference through a route-only relay while the publisher process was absent,crates/aster-core; crates/aster-host,crates/aster-core/src/causal.rs; crates/aster-core/src/engine.rs; crates/aster-core/src/source_event.rs; crates/aster-core/src/crypto/reference.rs; aster-core source tests; crates/aster-host/src; aster-host source tests,Retain the named proven source until the selected replacement passes equivalent source tests.,none,pointer-only-no-production-credit,docs/evaluations/0005/requirement-maps/carrier.csv; docs/evaluations/0005/requirement-maps/selected-stack.json,continue-selected-implementation,none,none,"Verify generalized relay policy, finite custody duration, physical contacts, alternate carriers, and larger/non-line topologies."
DM-5.6-04,should,baseline,preference_or_future,false,open,unassigned,No selected-production-lane evidence is mapped.,crates/aster-core; crates/aster-host,crates/aster-core/src/causal.rs; crates/aster-core/src/engine.rs; crates/aster-core/src/source_event.rs; crates/aster-core/src/crypto/reference.rs; aster-core source tests; crates/aster-host/src; aster-host source tests,Retain the named proven source until the selected replacement passes equivalent source tests.,none,pointer-only-no-production-credit,docs/evaluations/0005/requirement-maps/carrier.csv; docs/evaluations/0005/requirement-maps/product-assurance.csv,migrate-and-verify,none,none,"Migrate equivalent behavior from the named source, integrate it with the selected composition, and pass equivalent tests: Exploit one-to-many delivery on broadcast media instead of repeating per-peer unicast exchanges."
DM-5.6-05,must,baseline,hard_invariant,true,implemented-uncredited,aster-node,"docs/implementation/requirements-status.md#reproducible-receipt; exact Event duplicate acceptance and durable application operations were reused, and a separate equal-inventory contact transferred nothing",crates/aster-core; crates/aster-host,crates/aster-core/src/causal.rs; crates/aster-core/src/engine.rs; crates/aster-core/src/source_event.rs; crates/aster-core/src/crypto/reference.rs; aster-core source tests; crates/aster-host/src; aster-host source tests,Retain the named proven source until the selected replacement passes equivalent source tests.,none,pointer-only-no-production-credit,docs/evaluations/0005/requirement-maps/carrier.csv; docs/evaluations/0005/requirement-maps/product-assurance.csv,continue-selected-implementation,none,none,"Verify duplicate delivery, cyclic and broadcast loop suppression, and bounded routing over the network."
DM-5.6-06,must,baseline,hard_invariant,true,open,unassigned,No selected-production-lane evidence is mapped.,crates/aster-core; crates/aster-host,crates/aster-core/src/causal.rs; crates/aster-core/src/engine.rs; crates/aster-core/src/source_event.rs; crates/aster-core/src/crypto/reference.rs; aster-core source tests; crates/aster-host/src; aster-host source tests,Retain the named proven source until the selected replacement passes equivalent source tests.,none,pointer-only-no-production-credit,docs/evaluations/0005/requirement-maps/carrier.csv; docs/evaluations/0005/requirement-maps/product-assurance.csv,migrate-and-verify,none,none,"Migrate equivalent behavior from the named source, integrate it with the selected composition, and pass equivalent tests: Bound redundant propagation caused by loops."
DM-5.7-01,must,baseline,hard_invariant,true,open,unassigned,No selected-production-lane evidence is mapped.,crates/aster-host; crates/aster-ip; crates/aster-ble,crates/aster-host/src; aster-host source tests; crates/aster-ip/src; aster-ip source tests; crates/aster-ble/src; aster-ble source tests,Retain the named proven source until the selected replacement passes equivalent source tests.,none,pointer-only-no-production-credit,docs/evaluations/0005/requirement-maps/carrier.csv; docs/evaluations/0005/requirement-maps/discovery.csv; docs/evaluations/0005/requirement-maps/product-assurance.csv,migrate-and-verify,none,none,"Migrate equivalent behavior from the named source, integrate it with the selected composition, and pass equivalent tests: Automatically discover peers where a transport permits."
DM-5.7-02,must,baseline,hard_invariant,true,observed-bounded,aster-node,docs/implementation/requirements-status.md#reproducible-receipt; exact CARRIER_ID@IP:PORT=MISSION_NODE_ID peers completed mission-authenticated direct contacts,crates/aster-host; crates/aster-ip; crates/aster-ble,crates/aster-host/src; aster-host source tests; crates/aster-ip/src; aster-ip source tests; crates/aster-ble/src; aster-ble source tests,Retain the named proven source until the selected replacement passes equivalent source tests.,none,pointer-only-no-production-credit,docs/evaluations/0005/requirement-maps/carrier.csv; docs/evaluations/0005/requirement-maps/discovery.csv; docs/evaluations/0005/requirement-maps/selected-stack.json,continue-selected-implementation,none,none,"Add protected operational provisioning, physical systems, and configuration lifecycle evidence."
DM-5.7-03,must,baseline,hard_invariant,true,open,unassigned,No selected-production-lane evidence is mapped.,crates/aster-host; crates/aster-ip; crates/aster-ble,crates/aster-host/src; aster-host source tests; crates/aster-ip/src; aster-ip source tests; crates/aster-ble/src; aster-ble source tests,Retain the named proven source until the selected replacement passes equivalent source tests.,none,pointer-only-no-production-credit,docs/evaluations/0005/requirement-maps/carrier.csv; docs/evaluations/0005/requirement-maps/discovery.csv; docs/evaluations/0005/requirement-maps/product-assurance.csv,migrate-and-verify,none,none,"Migrate equivalent behavior from the named source, integrate it with the selected composition, and pass equivalent tests: Make constrained-emission and silent nodes undiscoverable."
DM-5.7-04,must,baseline,hard_invariant,true,open,unassigned,No selected-production-lane evidence is mapped.,crates/aster-host; crates/aster-ip; crates/aster-ble,crates/aster-host/src; aster-host source tests; crates/aster-ip/src; aster-ip source tests; crates/aster-ble/src; aster-ble source tests,Retain the named proven source until the selected replacement passes equivalent source tests.,none,pointer-only-no-production-credit,docs/evaluations/0005/requirement-maps/carrier.csv; docs/evaluations/0005/requirement-maps/discovery.csv; docs/evaluations/0005/requirement-maps/security-profile.json,migrate-and-verify,none,none,"Migrate equivalent behavior from the named source, integrate it with the selected composition, and pass equivalent tests: Mutually authenticate peers before exchanging data."
DM-5.8-01,must,baseline,hard_invariant,true,open,unassigned,No selected-production-lane evidence is mapped.,crates/aster-host; crates/aster-ip; crates/aster-ble,crates/aster-host/src; aster-host source tests; crates/aster-ip/src; aster-ip source tests; crates/aster-ble/src; aster-ble source tests,Retain the named proven source until the selected replacement passes equivalent source tests.,none,pointer-only-no-production-credit,docs/evaluations/0005/requirement-maps/carrier.csv; docs/evaluations/0005/requirement-maps/product-assurance.csv; docs/evaluations/0005/requirement-maps/willow.csv,migrate-and-verify,none,none,"Migrate equivalent behavior from the named source, integrate it with the selected composition, and pass equivalent tests: Place transports behind a defined pluggable abstraction."
DM-5.8-02,must,baseline,hard_invariant,true,open,unassigned,No selected-production-lane evidence is mapped.,crates/aster-host; crates/aster-ip; crates/aster-ble,crates/aster-host/src; aster-host source tests; crates/aster-ip/src; aster-ip source tests; crates/aster-ble/src; aster-ble source tests,Retain the named proven source until the selected replacement passes equivalent source tests.,none,pointer-only-no-production-credit,docs/evaluations/0005/requirement-maps/carrier.csv; docs/evaluations/0005/requirement-maps/product-assurance.csv; docs/evaluations/0005/requirement-maps/willow.csv,migrate-and-verify,none,none,"Migrate equivalent behavior from the named source, integrate it with the selected composition, and pass equivalent tests: Add a transport without changing the protocol."
DM-5.8-03,must,baseline,hard_invariant,true,open,unassigned,No selected-production-lane evidence is mapped.,crates/aster-host; crates/aster-ip; crates/aster-ble,crates/aster-host/src; aster-host source tests; crates/aster-ip/src; aster-ip source tests; crates/aster-ble/src; aster-ble source tests,Retain the named proven source until the selected replacement passes equivalent source tests.,none,pointer-only-no-production-credit,docs/evaluations/0005/requirement-maps/carrier.csv; docs/evaluations/0005/requirement-maps/blob.csv; docs/evaluations/0005/requirement-maps/product-assurance.csv,migrate-and-verify,none,none,"Migrate equivalent behavior from the named source, integrate it with the selected composition, and pass equivalent tests: Handle fragmentation and reassembly across supported MTUs."
DM-5.8-04,must,baseline,hard_invariant,true,open,unassigned,No selected-production-lane evidence is mapped.,crates/aster-host; crates/aster-ip; crates/aster-ble,crates/aster-host/src; aster-host source tests; crates/aster-ip/src; aster-ip source tests; crates/aster-ble/src; aster-ble source tests,Retain the named proven source until the selected replacement passes equivalent source tests.,none,pointer-only-no-production-credit,docs/evaluations/0005/requirement-maps/carrier.csv; docs/evaluations/0005/requirement-maps/blob.csv; docs/evaluations/0005/requirement-maps/product-assurance.csv,migrate-and-verify,none,none,"Migrate equivalent behavior from the named source, integrate it with the selected composition, and pass equivalent tests: Operate across MTUs from tens of bytes through 1500 bytes or more."
DM-5.8-05,must,baseline,hard_invariant,true,open,unassigned,No selected-production-lane evidence is mapped.,crates/aster-host; crates/aster-ip; crates/aster-ble,crates/aster-host/src; aster-host source tests; crates/aster-ip/src; aster-ip source tests; crates/aster-ble/src; aster-ble source tests,Retain the named proven source until the selected replacement passes equivalent source tests.,none,pointer-only-no-production-credit,docs/evaluations/0005/requirement-maps/carrier.csv; docs/evaluations/0005/requirement-maps/blob.csv; docs/evaluations/0005/requirement-maps/product-assurance.csv,migrate-and-verify,none,none,"Migrate equivalent behavior from the named source, integrate it with the selected composition, and pass equivalent tests: Keep framing overhead practical on the smallest supported MTU."
DM-5.8-06,must,mvp,product_scope,true,open,unassigned,No selected-production-lane evidence is mapped.,crates/aster-host; crates/aster-ip; crates/aster-ble,crates/aster-host/src; aster-host source tests; crates/aster-ip/src; aster-ip source tests; crates/aster-ble/src; aster-ble source tests,Retain the named proven source until the selected replacement passes equivalent source tests.,none,none,none,migrate-and-verify,none,none,"Migrate equivalent behavior from the named source, integrate it with the selected composition, and pass equivalent tests: Ship IP transport at MVP."
DM-5.8-07,must,mvp,hard_invariant,true,open,unassigned,No selected-production-lane evidence is mapped.,crates/aster-host; crates/aster-ip; crates/aster-ble,crates/aster-host/src; aster-host source tests; crates/aster-ip/src; aster-ip source tests; crates/aster-ble/src; aster-ble source tests,Retain the named proven source until the selected replacement passes equivalent source tests.,none,pointer-only-no-production-credit,docs/evaluations/0005/requirement-maps/selected-stack.json,migrate-and-verify,none,none,"Migrate equivalent behavior from the named source, integrate it with the selected composition, and pass equivalent tests: Make IP work across NAT networks."
DM-5.8-08,should,mvp,preference_or_future,false,open,unassigned,No selected-production-lane evidence is mapped.,crates/aster-host; crates/aster-ip; crates/aster-ble,crates/aster-host/src; aster-host source tests; crates/aster-ip/src; aster-ip source tests; crates/aster-ble/src; aster-ble source tests,Retain the named proven source until the selected replacement passes equivalent source tests.,none,pointer-only-no-production-credit,docs/evaluations/0005/requirement-maps/selected-stack.json,migrate-and-verify,none,none,"Migrate equivalent behavior from the named source, integrate it with the selected composition, and pass equivalent tests: Use infrastructure-free NAT traversal wherever the network permits."
DM-5.8-09,may,mvp,preference_or_future,false,open,unassigned,No selected-production-lane evidence is mapped.,crates/aster-host; crates/aster-ip; crates/aster-ble,crates/aster-host/src; aster-host source tests; crates/aster-ip/src; aster-ip source tests; crates/aster-ble/src; aster-ble source tests,Retain the named proven source until the selected replacement passes equivalent source tests.,none,pointer-only-no-production-credit,docs/evaluations/0005/requirement-maps/selected-stack.json,migrate-and-verify,none,none,"Migrate equivalent behavior from the named source, integrate it with the selected composition, and pass equivalent tests: Permit relay-assisted fallback where direct NAT traversal fails."
DM-5.8-10,must,mvp,hard_invariant,true,observed-bounded,aster-iroh,"docs/implementation/requirements-status.md#reproducible-receipt; local direct operation completed with relays, discovery, and port mapping disabled",crates/aster-host; crates/aster-ip; crates/aster-ble,crates/aster-host/src; aster-host source tests; crates/aster-ip/src; aster-ip source tests; crates/aster-ble/src; aster-ble source tests,Retain the named proven source until the selected replacement passes equivalent source tests.,none,pointer-only-no-production-credit,docs/evaluations/0005/requirement-maps/discovery.csv,continue-selected-implementation,none,none,Verify local and mesh operation on physical systems and all required carriers.
DM-5.8-11,must,mvp,product_scope,true,open,transport owner; test owner,No selected-production-lane evidence is mapped.,crates/aster-host; crates/aster-ip; crates/aster-ble,crates/aster-host/src; aster-host source tests; crates/aster-ip/src; aster-ip source tests; crates/aster-ble/src; aster-ble source tests,Retain the named proven source until the selected replacement passes equivalent source tests.,none,pointer-only-no-production-credit,docs/evaluations/0005/requirement-maps/carrier.csv; docs/evaluations/0005/requirement-maps/product-assurance.csv,external-gate-and-implementation,physical-btle-hardware,transport owner; test owner,Complete the named external gate and any selected implementation work; then verify: Ship BTLE transport at MVP.
DM-5.8-12,future,future,preference_or_future,false,open,architecture owner,No selected-production-lane evidence is mapped.,not-yet-mapped,none,No proven retained semantic source is mapped; define implementation and acceptance evidence.,none,pointer-only-no-production-credit,docs/evaluations/0005/requirement-maps/carrier.csv,deferred-future-extension-seam,none,none,Preserve the extension seam without pulling this work into MVP: Permit a future LoRa transport.
DM-5.8-13,future,future,preference_or_future,false,open,architecture owner,No selected-production-lane evidence is mapped.,not-yet-mapped,none,No proven retained semantic source is mapped; define implementation and acceptance evidence.,none,pointer-only-no-production-credit,docs/evaluations/0005/requirement-maps/carrier.csv,deferred-future-extension-seam,none,none,Preserve the extension seam without pulling this work into MVP: Permit a future serial transport.
DM-5.8-14,future,future,preference_or_future,false,open,architecture owner,No selected-production-lane evidence is mapped.,not-yet-mapped,none,No proven retained semantic source is mapped; define implementation and acceptance evidence.,none,pointer-only-no-production-credit,docs/evaluations/0005/requirement-maps/carrier.csv; docs/evaluations/0005/requirement-maps/willow.csv,deferred-future-extension-seam,none,none,Preserve the extension seam without pulling this work into MVP: Permit a future file-based transport.
DM-5.8-15,must,baseline,hard_invariant,true,open,unassigned,No selected-production-lane evidence is mapped.,crates/aster-host; crates/aster-ip; crates/aster-ble,crates/aster-host/src; aster-host source tests; crates/aster-ip/src; aster-ip source tests; crates/aster-ble/src; aster-ble source tests,Retain the named proven source until the selected replacement passes equivalent source tests.,none,pointer-only-no-production-credit,docs/evaluations/0005/requirement-maps/carrier.csv; docs/evaluations/0005/requirement-maps/blob.csv; docs/evaluations/0005/requirement-maps/product-assurance.csv; docs/evaluations/0005/requirement-maps/willow.csv,migrate-and-verify,none,none,"Migrate equivalent behavior from the named source, integrate it with the selected composition, and pass equivalent tests: Do not preclude serializing the entire synchronization exchange for physical-media transfer."
DM-5.8-16,should,baseline,preference_or_future,false,open,unassigned,No selected-production-lane evidence is mapped.,crates/aster-host; crates/aster-ip; crates/aster-ble,crates/aster-host/src; aster-host source tests; crates/aster-ip/src; aster-ip source tests; crates/aster-ble/src; aster-ble source tests,Retain the named proven source until the selected replacement passes equivalent source tests.,none,pointer-only-no-production-credit,docs/evaluations/0005/requirement-maps/carrier.csv; docs/evaluations/0005/requirement-maps/product-assurance.csv,migrate-and-verify,none,none,"Migrate equivalent behavior from the named source, integrate it with the selected composition, and pass equivalent tests: Expose link bandwidth characteristics to scheduling and priority policy."
DM-5.8-17,should,baseline,preference_or_future,false,open,unassigned,No selected-production-lane evidence is mapped.,crates/aster-host; crates/aster-ip; crates/aster-ble,crates/aster-host/src; aster-host source tests; crates/aster-ip/src; aster-ip source tests; crates/aster-ble/src; aster-ble source tests,Retain the named proven source until the selected replacement passes equivalent source tests.,none,pointer-only-no-production-credit,docs/evaluations/0005/requirement-maps/carrier.csv; docs/evaluations/0005/requirement-maps/product-assurance.csv,migrate-and-verify,none,none,"Migrate equivalent behavior from the named source, integrate it with the selected composition, and pass equivalent tests: Expose link cost characteristics to scheduling and priority policy."
DM-5.8-18,should,baseline,preference_or_future,false,open,unassigned,No selected-production-lane evidence is mapped.,crates/aster-host; crates/aster-ip; crates/aster-ble,crates/aster-host/src; aster-host source tests; crates/aster-ip/src; aster-ip source tests; crates/aster-ble/src; aster-ble source tests,Retain the named proven source until the selected replacement passes equivalent source tests.,none,pointer-only-no-production-credit,docs/evaluations/0005/requirement-maps/carrier.csv; docs/evaluations/0005/requirement-maps/product-assurance.csv,migrate-and-verify,none,none,"Migrate equivalent behavior from the named source, integrate it with the selected composition, and pass equivalent tests: Expose link emission-footprint characteristics to scheduling and priority policy."
DM-6-01,must,baseline,hard_invariant,true,observed-bounded,aster-core + aster-node,"docs/implementation/requirements-status.md#reproducible-receipt; crates/aster-redb-store/src/lib.rs; crates/aster-node/src/frame.rs; crates/aster-node/src/runtime.rs; crates/aster-node/src/main.rs; crates/aster-node/src/runtime.rs::tests::real_iroh_contact_converges_state_and_disconnected_record_siblings; docs/quickstart/selected-state-api.md; docs/quickstart/selected-record-api.md; Event, State, and Record content remain source-sealed independently of the Iroh carrier session; retained evidence additionally shows an Event route-only relay cannot open content",crates/aster-core,crates/aster-core/src/causal.rs; crates/aster-core/src/engine.rs; crates/aster-core/src/source_event.rs; crates/aster-core/src/crypto/reference.rs; aster-core source tests,Retain the named proven source until the selected replacement passes equivalent source tests.,none,pointer-only-no-production-credit,docs/evaluations/0005/requirement-maps/carrier.csv; docs/evaluations/0005/requirement-maps/security-profile.json,continue-selected-implementation,none,none,"State/Record evidence is a current-code direct contact with no relay or packet capture. Complete Blob, carrier variants, provisioning, and independent review."
DM-6-02,must,baseline,hard_invariant,true,observed-bounded,aster-core + aster-node,"docs/implementation/requirements-status.md#mission-authenticated-runtime-validation; crates/aster-redb-store/src/lib.rs; crates/aster-node/src/frame.rs; crates/aster-node/src/runtime.rs; crates/aster-node/src/main.rs; crates/aster-node/src/runtime.rs::tests::real_iroh_contact_converges_state_and_disconnected_record_siblings; docs/quickstart/selected-state-api.md; docs/quickstart/selected-record-api.md; exact source-sealed Event, State, and Record bytes are freshly verified before inventory serving and remote admission; Event is also reverified before application reaction",crates/aster-core,crates/aster-core/src/causal.rs; crates/aster-core/src/engine.rs; crates/aster-core/src/source_event.rs; crates/aster-core/src/crypto/reference.rs; aster-core source tests,Retain the named proven source until the selected replacement passes equivalent source tests.,none,pointer-only-no-production-credit,docs/evaluations/0005/requirement-maps/carrier.csv; docs/evaluations/0005/requirement-maps/security-profile.json,continue-selected-implementation,none,none,"Complete networked Blob, State/Record application delivery, hostile physical-network acceptance, independent interoperability, and cryptographic review."
DM-6-03,must,baseline,hard_invariant,true,observed-bounded,aster-core + aster-node,"docs/implementation/requirements-status.md#reproducible-receipt; crates/aster-redb-store/src/lib.rs; crates/aster-node/src/frame.rs; crates/aster-node/src/runtime.rs; crates/aster-node/src/main.rs; crates/aster-node/src/runtime.rs::tests::real_iroh_contact_converges_state_and_disconnected_record_siblings; docs/quickstart/selected-state-api.md; docs/quickstart/selected-record-api.md; destinations authenticate authority-provisioned Event, State, and Record publishers independently of carrier and session identities",crates/aster-core,crates/aster-core/src/causal.rs; crates/aster-core/src/engine.rs; crates/aster-core/src/source_event.rs; crates/aster-core/src/crypto/reference.rs; aster-core source tests,Retain the named proven source until the selected replacement passes equivalent source tests.,none,pointer-only-no-production-credit,docs/evaluations/0005/requirement-maps/carrier.csv; docs/evaluations/0005/requirement-maps/selected-stack.json; docs/evaluations/0005/requirement-maps/security-profile.json,continue-selected-implementation,none,none,"Complete networked Blob, generalized publication, protected provisioning, platform-complete zeroization assurance, broader control lifecycle, and independent review."
DM-6-04,must,baseline,hard_invariant,true,observed-bounded,aster-core + aster-node,docs/implementation/requirements-status.md#reproducible-receipt; crates/aster-redb-store/src/lib.rs; crates/aster-node/src/frame.rs; crates/aster-node/src/runtime.rs; crates/aster-node/src/main.rs; crates/aster-node/src/runtime.rs::tests::real_iroh_contact_converges_state_and_disconnected_record_siblings; docs/quickstart/selected-state-api.md; docs/quickstart/selected-record-api.md; isolated Event cohorts and disconnected State/Record test publishers source-seal objects before the corresponding contact,crates/aster-core,crates/aster-core/src/causal.rs; crates/aster-core/src/engine.rs; crates/aster-core/src/source_event.rs; crates/aster-core/src/crypto/reference.rs; aster-core source tests,Retain the named proven source until the selected replacement passes equivalent source tests.,none,pointer-only-no-production-credit,docs/evaluations/0005/requirement-maps/carrier.csv; docs/evaluations/0005/requirement-maps/p2panda.csv; docs/evaluations/0005/requirement-maps/security-profile.json,continue-selected-implementation,none,none,"State/Record evidence is one current-code direct contact. Blob, generalized publication, key lifecycle beyond one bounded rekey, and independent review remain open."
DM-6-05,must,baseline,hard_invariant,true,observed-bounded,aster-core + aster-node,"docs/implementation/requirements-status.md#reproducible-receipt; crates/aster-redb-store/src/lib.rs; crates/aster-node/src/frame.rs; crates/aster-node/src/runtime.rs; crates/aster-node/src/main.rs; crates/aster-node/src/runtime.rs::tests::real_iroh_contact_converges_state_and_disconnected_record_siblings; docs/quickstart/selected-state-api.md; docs/quickstart/selected-record-api.md; Event, State, and Record objects carry authenticated source identities and signed semantic headers",crates/aster-core,crates/aster-core/src/causal.rs; crates/aster-core/src/engine.rs; crates/aster-core/src/source_event.rs; crates/aster-core/src/crypto/reference.rs; aster-core source tests,Retain the named proven source until the selected replacement passes equivalent source tests.,none,pointer-only-no-production-credit,docs/evaluations/0005/requirement-maps/p2panda.csv; docs/evaluations/0005/requirement-maps/security-profile.json,continue-selected-implementation,none,none,"The State/Record claim is bounded to one current-code direct contact; Blob, generalized publication, and independent interoperability remain open."
DM-6-06,must,baseline,hard_invariant,true,observed-bounded,aster-core + aster-node,"docs/implementation/requirements-status.md#reproducible-receipt; crates/aster-redb-store/src/lib.rs; crates/aster-node/src/frame.rs; crates/aster-node/src/runtime.rs; crates/aster-node/src/application.rs; crates/aster-node/examples/event_application.rs; crates/aster-node/src/application.rs; crates/aster-node/src/runtime.rs; crates/aster-node/src/lib.rs; crates/aster-node/examples/live_event_application.rs; crates/aster-node/tests/mesh_cli.rs::offline_publish_later_real_process_sync_poll_ack_and_restart; docs/quickstart/selected-event-api.md; crates/aster-redb-store/src/lib.rs; crates/aster-node/src/frame.rs; crates/aster-node/src/runtime.rs; crates/aster-node/src/main.rs; crates/aster-node/src/runtime.rs::tests::real_iroh_contact_converges_state_and_disconnected_record_siblings; docs/quickstart/selected-state-api.md; docs/quickstart/selected-record-api.md; Event applications react only to content-verified payloads, while State/Record remote admission requires exact content verification and never executes application merge code",crates/aster-core,crates/aster-core/src/causal.rs; crates/aster-core/src/engine.rs; crates/aster-core/src/source_event.rs; crates/aster-core/src/crypto/reference.rs; aster-core source tests,Retain the named proven source until the selected replacement passes equivalent source tests.,none,pointer-only-no-production-credit,docs/evaluations/0005/requirement-maps/p2panda.csv; docs/evaluations/0005/requirement-maps/security-profile.json,continue-selected-implementation,none,none,"State/Record have no live application delivery path. Blob, bindings, physical peers, and independent interoperability remain open."
DM-6-07,must,baseline,hard_invariant,true,observed-bounded,aster-core + aster-redb-store + aster-node,docs/implementation/requirements-status.md#reproducible-receipt; the relay exact-forwarded two source-sealed Events with content_access=denied and semantic_acceptance=none,crates/aster-core,crates/aster-core/src/causal.rs; crates/aster-core/src/engine.rs; crates/aster-core/src/source_event.rs; crates/aster-core/src/crypto/reference.rs; aster-core source tests,Retain the named proven source until the selected replacement passes equivalent source tests.,none,pointer-only-no-production-credit,docs/evaluations/0005/requirement-maps/p2panda.csv; docs/evaluations/0005/requirement-maps/security-profile.json,continue-selected-implementation,none,none,"Verify generalized policies, finite custody, all data classes, physical links, and independent review."
DM-6-08,must,baseline,hard_invariant,true,open,unassigned,No selected-production-lane evidence is mapped.,crates/aster-core,crates/aster-core/src/causal.rs; crates/aster-core/src/engine.rs; crates/aster-core/src/source_event.rs; crates/aster-core/src/crypto/reference.rs; aster-core source tests,Retain the named proven source until the selected replacement passes equivalent source tests.,none,pointer-only-no-production-credit,docs/evaluations/0005/requirement-maps/security-profile.json,migrate-and-verify,none,none,"Migrate equivalent behavior from the named source, integrate it with the selected composition, and pass equivalent tests: Allow bridges to store and forward items without payload plaintext access."
DM-6-09,must,baseline,hard_invariant,true,implemented-uncredited,aster-core + aster-node,"crates/aster-core/src/source_event.rs; crates/aster-redb-store/src/lib.rs; crates/aster-node/src/runtime.rs; crates/aster-node/src/application.rs; crates/aster-node/examples/event_application.rs; docs/quickstart/selected-event-api.md; crates/aster-node/tests/mesh_cli.rs; crates/aster-redb-store/src/lib.rs; crates/aster-node/src/frame.rs; crates/aster-node/src/runtime.rs; crates/aster-node/src/main.rs; crates/aster-node/src/runtime.rs::tests::real_iroh_contact_converges_state_and_disconnected_record_siblings; docs/quickstart/selected-state-api.md; docs/quickstart/selected-record-api.md; Event, State, and Record topic/scope/priority/TTL/causal/routing metadata are inside protected source envelopes and mechanics frames are session protected",crates/aster-core,crates/aster-core/src/causal.rs; crates/aster-core/src/engine.rs; crates/aster-core/src/source_event.rs; crates/aster-core/src/crypto/reference.rs; aster-core source tests,Retain the named proven source until the selected replacement passes equivalent source tests.,none,pointer-only-no-production-credit,docs/evaluations/0005/requirement-maps/carrier.csv; docs/evaluations/0005/requirement-maps/selected-stack.json; docs/evaluations/0005/requirement-maps/p2panda.csv; docs/evaluations/0005/requirement-maps/security-profile.json,continue-selected-implementation,none,none,Publish packet-capture evidence across supported carriers and complete networked Blob and independent review.
DM-6-10,must,baseline,hard_invariant,true,observed-bounded,aster-core + aster-node,docs/implementation/requirements-status.md#reproducible-receipt; docs/implementation/requirements-status.md#mission-control-revocation-and-rekey-receipt; an authenticated route-only relay verified protected Event scope/epoch metadata and forwarded exact epoch-one and epoch-two bytes without content access,crates/aster-core,crates/aster-core/src/causal.rs; crates/aster-core/src/engine.rs; crates/aster-core/src/source_event.rs; crates/aster-core/src/crypto/reference.rs; aster-core source tests,Retain the named proven source until the selected replacement passes equivalent source tests.,none,pointer-only-no-production-credit,docs/evaluations/0005/requirement-maps/p2panda.csv; docs/evaluations/0005/requirement-maps/security-profile.json,continue-selected-implementation,none,none,"Generalize route policy and repeated multi-scope lifecycle across all data classes, bridges, and physical carriers."
DM-6-11,must,baseline,hard_invariant,true,implemented-uncredited,aster-core + aster-node,"crates/aster-core/src/source_event.rs; crates/aster-redb-store/src/lib.rs; crates/aster-node/src/runtime.rs; crates/aster-node/src/application.rs; crates/aster-node/examples/event_application.rs; docs/quickstart/selected-event-api.md; crates/aster-node/tests/mesh_cli.rs; crates/aster-redb-store/src/lib.rs; crates/aster-node/src/frame.rs; crates/aster-node/src/runtime.rs; crates/aster-node/src/main.rs; crates/aster-node/src/runtime.rs::tests::real_iroh_contact_converges_state_and_disconnected_record_siblings; docs/quickstart/selected-state-api.md; docs/quickstart/selected-record-api.md; Event, State, and Record forwarding metadata is source-envelope protected and later mechanics frames are mission-session protected",crates/aster-core,crates/aster-core/src/causal.rs; crates/aster-core/src/engine.rs; crates/aster-core/src/source_event.rs; crates/aster-core/src/crypto/reference.rs; aster-core source tests,Retain the named proven source until the selected replacement passes equivalent source tests.,none,pointer-only-no-production-credit,docs/evaluations/0005/requirement-maps/carrier.csv; docs/evaluations/0005/requirement-maps/p2panda.csv; docs/evaluations/0005/requirement-maps/security-profile.json,continue-selected-implementation,none,none,"Complete networked Blob, packet-capture acceptance, all supported carriers, metadata-length analysis, and independent cryptographic review."
DM-6-12,must,baseline,hard_invariant,true,implemented-uncredited,aster-core + aster-node,"crates/aster-core/src/source_event.rs; crates/aster-redb-store/src/lib.rs; crates/aster-node/src/runtime.rs; crates/aster-node/src/application.rs; crates/aster-node/examples/event_application.rs; docs/quickstart/selected-event-api.md; crates/aster-node/tests/mesh_cli.rs; crates/aster-redb-store/src/lib.rs; crates/aster-node/src/frame.rs; crates/aster-node/src/runtime.rs; crates/aster-node/src/main.rs; crates/aster-node/src/runtime.rs::tests::real_iroh_contact_converges_state_and_disconnected_record_siblings; docs/quickstart/selected-state-api.md; docs/quickstart/selected-record-api.md; Event, State, and Record source envelopes plus mission-protected mechanics leave carrier necessities outside their protection boundary",crates/aster-core,crates/aster-core/src/causal.rs; crates/aster-core/src/engine.rs; crates/aster-core/src/source_event.rs; crates/aster-core/src/crypto/reference.rs; aster-core source tests,Retain the named proven source until the selected replacement passes equivalent source tests.,none,pointer-only-no-production-credit,docs/evaluations/0005/requirement-maps/carrier.csv; docs/evaluations/0005/requirement-maps/security-profile.json,continue-selected-implementation,none,none,Define and verify the exact unavoidable-plaintext profile with packet captures across all supported carriers.
DM-6-13,must,baseline,hard_invariant,true,observed-bounded,aster-node::mission,docs/implementation/requirements-status.md#mission-authenticated-runtime-validation; docs/implementation/requirements-status.md#mission-control-revocation-and-rekey-receipt; the runtime checks expected mission NodeId independently from Iroh EndpointId before inventory and rejects a durably revoked mission principal,crates/aster-core,crates/aster-core/src/causal.rs; crates/aster-core/src/engine.rs; crates/aster-core/src/source_event.rs; crates/aster-core/src/crypto/reference.rs; aster-core source tests,Retain the named proven source until the selected replacement passes equivalent source tests.,none,pointer-only-no-production-credit,docs/evaluations/0005/requirement-maps/selected-stack.json; docs/evaluations/0005/requirement-maps/security-profile.json,continue-selected-implementation,none,none,"Add protected operational provisioning, non-Unix and physical zeroization assurance, authority/signer handoff and recovery, and independent security acceptance; carrier identity remains deliberately separate."
DM-6-14,must,baseline,hard_invariant,true,observed-bounded,aster-node::mission,docs/implementation/requirements-status.md#mission-authenticated-runtime-validation; the runtime requires and loads a bounded owner-only unprotected-reference bundle before state or sockets,crates/aster-core,crates/aster-core/src/causal.rs; crates/aster-core/src/engine.rs; crates/aster-core/src/source_event.rs; crates/aster-core/src/crypto/reference.rs; aster-core source tests,Retain the named proven source until the selected replacement passes equivalent source tests.,none,pointer-only-no-production-credit,docs/evaluations/0005/requirement-maps/security-profile.json,continue-selected-implementation,none,none,"Deliver an admitted protected-at-rest provisioning workflow, persistent secret custody, platform-complete zeroization assurance, and operational recovery."
DM-6-15,should,baseline,preference_or_future,false,open,unassigned,No selected-production-lane evidence is mapped.,crates/aster-core,crates/aster-core/src/causal.rs; crates/aster-core/src/engine.rs; crates/aster-core/src/source_event.rs; crates/aster-core/src/crypto/reference.rs; aster-core source tests,Retain the named proven source until the selected replacement passes equivalent source tests.,none,pointer-only-no-production-credit,docs/evaluations/0005/requirement-maps/security-profile.json,migrate-and-verify,none,none,"Migrate equivalent behavior from the named source, integrate it with the selected composition, and pass equivalent tests: Support pre-placed long-term keys."
DM-6-16,should,baseline,preference_or_future,false,open,unassigned,No selected-production-lane evidence is mapped.,crates/aster-core,crates/aster-core/src/causal.rs; crates/aster-core/src/engine.rs; crates/aster-core/src/source_event.rs; crates/aster-core/src/crypto/reference.rs; aster-core source tests,Retain the named proven source until the selected replacement passes equivalent source tests.,none,pointer-only-no-production-credit,docs/evaluations/0005/requirement-maps/security-profile.json,migrate-and-verify,none,none,"Migrate equivalent behavior from the named source, integrate it with the selected composition, and pass equivalent tests: Derive per-mission keys from pre-placed long-term keys."
DM-6-17,should,baseline,preference_or_future,false,open,unassigned,No selected-production-lane evidence is mapped.,crates/aster-core,crates/aster-core/src/causal.rs; crates/aster-core/src/engine.rs; crates/aster-core/src/source_event.rs; crates/aster-core/src/crypto/reference.rs; aster-core source tests,Retain the named proven source until the selected replacement passes equivalent source tests.,none,pointer-only-no-production-credit,docs/evaluations/0005/requirement-maps/security-profile.json,migrate-and-verify,none,none,"Migrate equivalent behavior from the named source, integrate it with the selected composition, and pass equivalent tests: Derive per-scope keys from pre-placed long-term keys."
DM-6-18,must,baseline,hard_invariant,true,observed-bounded,aster-core + aster-node,docs/implementation/requirements-status.md#reproducible-receipt; docs/implementation/requirements-status.md#mission-control-revocation-and-rekey-receipt; only included members opened epoch-two Ping/Pong while the route-only relay and omitted captured node could not,crates/aster-core,crates/aster-core/src/causal.rs; crates/aster-core/src/engine.rs; crates/aster-core/src/source_event.rs; crates/aster-core/src/crypto/reference.rs; aster-core source tests,Retain the named proven source until the selected replacement passes equivalent source tests.,none,pointer-only-no-production-credit,docs/evaluations/0005/requirement-maps/p2panda.csv; docs/evaluations/0005/requirement-maps/security-profile.json,continue-selected-implementation,none,none,"Verify repeated rekeys across multiple topics/scopes, generalized subscriptions, all data classes, and independent security review."
DM-6-19,must,baseline,hard_invariant,true,observed-bounded,aster-core + aster-node,"docs/implementation/requirements-status.md#mission-authenticated-runtime-validation; docs/implementation/requirements-status.md#mission-control-revocation-and-rekey-receipt; a node without the current scope route grant learns no Event ID, a route-only node lacks content access, and the captured node learned no epoch-two data",crates/aster-core,crates/aster-core/src/causal.rs; crates/aster-core/src/engine.rs; crates/aster-core/src/source_event.rs; crates/aster-core/src/crypto/reference.rs; aster-core source tests,Retain the named proven source until the selected replacement passes equivalent source tests.,none,pointer-only-no-production-credit,docs/evaluations/0005/requirement-maps/p2panda.csv; docs/evaluations/0005/requirement-maps/security-profile.json,continue-selected-implementation,none,none,"Complete repeated dynamic multi-scope lifecycle, broader compromise cases, all data classes, and independent review."
DM-6-20,must,baseline,hard_invariant,true,observed-bounded,aster-core + aster-redb-store + aster-node,"docs/implementation/requirements-status.md#mission-control-revocation-and-rekey-receipt; the authority process and node were absent while a payload-blind relay forwarded the exact revocation/rekey suffix to a surviving member; a separate no-peer cohort then published epoch-two Ping before a later Event-transfer cohort, and the survivor denied the revoked leaf",crates/aster-core,crates/aster-core/src/causal.rs; crates/aster-core/src/engine.rs; crates/aster-core/src/source_event.rs; crates/aster-core/src/crypto/reference.rs; aster-core source tests,Retain the named proven source until the selected replacement passes equivalent source tests.,none,pointer-only-no-production-credit,docs/evaluations/0005/requirement-maps/p2panda.csv; docs/evaluations/0005/requirement-maps/security-profile.json,continue-selected-implementation,none,none,"The receipt covers two controls crossing one relay on one-host loopback; longer partitions, loss/bandwidth impairment, multiple relays/carriers, crash points, physical systems, and independent implementations remain open."
DM-6-21,must,baseline,hard_invariant,true,observed-bounded,aster-core + aster-redb-store + aster-node,"docs/implementation/requirements-status.md#mission-control-revocation-and-rekey-receipt; an authority process committed a recipient-filtered scope transition from epoch one to two; after control convergence, an included member published epoch-two Ping with no peer or contact, a separate cohort moved it into the route-only cache, and four later barriers delivered Ping, committed causal Pong with no contact, cached Pong, and returned it while the omitted captured node learned no fresh content",crates/aster-core,crates/aster-core/src/causal.rs; crates/aster-core/src/engine.rs; crates/aster-core/src/source_event.rs; crates/aster-core/src/crypto/reference.rs; aster-core source tests,Retain the named proven source until the selected replacement passes equivalent source tests.,none,pointer-only-no-production-credit,docs/evaluations/0005/requirement-maps/p2panda.csv; docs/evaluations/0005/requirement-maps/security-profile.json,continue-selected-implementation,none,none,"One scope advanced once for three exact recipients on loopback; repeated/multi-scope rekey, membership churn, authority recovery, protected registry administration, physical field evidence, and independent implementations remain open."
DM-6-22,must,baseline,hard_invariant,true,observed-bounded,aster-node + aster-redb-store + platform security owner,"docs/implementation/requirements-status.md#local-software-zeroization-receipt; a same-UID Unix CLI triggered a live child node to drain, commit a terminal redb intent, invalidate in-process secret holders, and overwrite, synchronize, and truncate the exact retained mission-bundle and carrier-identity inodes; data rows survived, restored credentials could not reopen the retained Complete database, idempotent replay preserved the external restoration, and a separate real child resumed cleanup after abrupt exit immediately after the marker",crates/aster-core,crates/aster-core/src/causal.rs; crates/aster-core/src/engine.rs; crates/aster-core/src/source_event.rs; crates/aster-core/src/crypto/reference.rs; aster-core source tests,Retain the named proven source until the selected replacement passes equivalent source tests.,none,pointer-only-no-production-credit,docs/evaluations/0005/requirement-maps/p2panda.csv; docs/evaluations/0005/requirement-maps/security-profile.json,continue-selected-implementation,none,none,"The hook is Unix-only bounded software erasure of two owner-only, uniquely linked files. It preserves data rows and zero-length pathnames and does not prove inode deletion, physical flash or copy-on-write sanitization, snapshot/swap/backup destruction, protection against redb rollback or replacement, remote triggering, deterministic teardown of a mid-flight stream, protected operational provisioning, or independent platform assurance."
DM-6-23,must,baseline,hard_invariant,true,observed-bounded,aster-core + aster-redb-store + aster-node,"docs/implementation/requirements-status.md#mission-authenticated-runtime-validation; docs/implementation/requirements-status.md#mission-control-revocation-and-rekey-receipt; crates/aster-redb-store/src/lib.rs; crates/aster-node/src/frame.rs; crates/aster-node/src/runtime.rs; crates/aster-node/src/application.rs; crates/aster-node/examples/event_application.rs; crates/aster-node/src/application.rs; crates/aster-node/src/runtime.rs; crates/aster-node/src/lib.rs; crates/aster-node/examples/live_event_application.rs; crates/aster-node/tests/mesh_cli.rs::offline_publish_later_real_process_sync_poll_ack_and_restart; docs/quickstart/selected-event-api.md; protected-frame replay/plaintext, control rollback/fork, stale epoch and revoked-source traffic fail closed; Event publication, selector insert/remove, delivery attempts, acknowledgement, live admission closure, and receiver restart are durable, idempotent, or fail closed",crates/aster-core,crates/aster-core/src/causal.rs; crates/aster-core/src/engine.rs; crates/aster-core/src/source_event.rs; crates/aster-core/src/crypto/reference.rs; aster-core source tests,Retain the named proven source until the selected replacement passes equivalent source tests.,none,pointer-only-no-production-credit,docs/evaluations/0005/requirement-maps/discovery.csv; docs/evaluations/0005/requirement-maps/selected-stack.json; docs/evaluations/0005/requirement-maps/p2panda.csv; docs/evaluations/0005/requirement-maps/security-profile.json,continue-selected-implementation,none,none,"Verify captured replay across physical sessions, every data class, abrupt interruption at each live command/contact boundary, long retention/eviction boundaries, and independent implementations."
DM-6-24,must,baseline,hard_invariant,true,open,unassigned,No selected-production-lane evidence is mapped.,not-yet-mapped,none,No proven retained semantic source is mapped; define implementation and acceptance evidence.,none,pointer-only-no-production-credit,docs/evaluations/0005/requirement-maps/blob.csv; docs/evaluations/0005/requirement-maps/p2panda.csv; docs/evaluations/0005/requirement-maps/security-profile.json,research-informed-build-and-verify,none,none,Use the named research only as non-credit input; implement and verify in the selected production lane: Use NIST-standardized cryptography.
DM-6-25,must,baseline,hard_invariant,true,observed-bounded,aster-node::mission,docs/implementation/requirements-status.md#mission-authenticated-runtime-validation; the runtime completes the existing hybrid four-flight key establishment over real Iroh before inventory,crates/aster-core,crates/aster-core/src/causal.rs; crates/aster-core/src/engine.rs; crates/aster-core/src/source_event.rs; crates/aster-core/src/crypto/reference.rs; aster-core source tests,Retain the named proven source until the selected replacement passes equivalent source tests.,none,pointer-only-no-production-credit,docs/evaluations/0005/requirement-maps/p2panda.csv; docs/evaluations/0005/requirement-maps/security-profile.json,continue-selected-implementation,none,none,"Complete protected provisioning, admitted-module, algorithm-policy, and independent-review gates."
DM-6-26,must,baseline,hard_invariant,true,observed-bounded,aster-node::mission,"docs/implementation/requirements-status.md#mission-authenticated-runtime-validation; the existing hybrid-authenticated session and source-authenticated Event envelopes are used unchanged, and cross-mission credentials fail closed",crates/aster-core,crates/aster-core/src/causal.rs; crates/aster-core/src/engine.rs; crates/aster-core/src/source_event.rs; crates/aster-core/src/crypto/reference.rs; aster-core source tests,Retain the named proven source until the selected replacement passes equivalent source tests.,none,pointer-only-no-production-credit,docs/evaluations/0005/requirement-maps/p2panda.csv; docs/evaluations/0005/requirement-maps/security-profile.json,continue-selected-implementation,none,none,"Complete all data classes, protected provisioning, algorithm-policy/admitted-module gates, and independent review."
DM-6-27,should,baseline,preference_or_future,false,open,security owner; compliance owner,No selected-production-lane evidence is mapped.,not-yet-mapped,none,No proven retained semantic source is mapped; define implementation and acceptance evidence.,none,pointer-only-no-production-credit,docs/evaluations/0005/requirement-maps/p2panda.csv; docs/evaluations/0005/requirement-maps/security-profile.json,external-gate-and-implementation,validated-crypto-module,security owner; compliance owner,Complete the named external gate and any selected implementation work; then verify: Use FIPS 140-3 validated modules where available.
DM-6-28,must,baseline,hard_invariant,true,open,unassigned,No selected-production-lane evidence is mapped.,not-yet-mapped,none,No proven retained semantic source is mapped; define implementation and acceptance evidence.,none,pointer-only-no-production-credit,docs/evaluations/0005/requirement-maps/blob.csv; docs/evaluations/0005/requirement-maps/selected-stack.json; docs/evaluations/0005/requirement-maps/p2panda.csv; docs/evaluations/0005/requirement-maps/security-profile.json,research-informed-build-and-verify,none,none,Use the named research only as non-credit input; implement and verify in the selected production lane: Use FIPS-approved algorithms regardless of module availability.
DM-6-29,must,baseline,hard_invariant,true,open,unassigned,No selected-production-lane evidence is mapped.,crates/aster-core,crates/aster-core/src/causal.rs; crates/aster-core/src/engine.rs; crates/aster-core/src/source_event.rs; crates/aster-core/src/crypto/reference.rs; aster-core source tests,Retain the named proven source until the selected replacement passes equivalent source tests.,none,pointer-only-no-production-credit,docs/evaluations/0005/requirement-maps/blob.csv; docs/evaluations/0005/requirement-maps/p2panda.csv; docs/evaluations/0005/requirement-maps/security-profile.json,migrate-and-verify,none,none,"Migrate equivalent behavior from the named source, integrate it with the selected composition, and pass equivalent tests: Provide algorithm agility through versioned negotiation."
DM-6-30,must,baseline,hard_invariant,true,open,unassigned,No selected-production-lane evidence is mapped.,crates/aster-core,crates/aster-core/src/causal.rs; crates/aster-core/src/engine.rs; crates/aster-core/src/source_event.rs; crates/aster-core/src/crypto/reference.rs; aster-core source tests,Retain the named proven source until the selected replacement passes equivalent source tests.,none,pointer-only-no-production-credit,docs/evaluations/0005/requirement-maps/p2panda.csv; docs/evaluations/0005/requirement-maps/security-profile.json,migrate-and-verify,none,none,"Migrate equivalent behavior from the named source, integrate it with the selected composition, and pass equivalent tests: Explicitly protect algorithm negotiation against downgrade attacks."
DM-6-31,may,baseline,preference_or_future,false,open,unassigned,No selected-production-lane evidence is mapped.,not-yet-mapped,none,No proven retained semantic source is mapped; define implementation and acceptance evidence.,none,pointer-only-no-production-credit,docs/evaluations/0005/requirement-maps/security-profile.json,research-informed-build-and-verify,none,none,Use the named research only as non-credit input; implement and verify in the selected production lane: Permit kilobyte-scale post-quantum operations to be amortized across sessions or batches.
DM-6-32,must,baseline,hard_invariant,true,open,unassigned,No selected-production-lane evidence is mapped.,not-yet-mapped,none,No proven retained semantic source is mapped; define implementation and acceptance evidence.,none,pointer-only-no-production-credit,docs/evaluations/0005/requirement-maps/security-profile.json,research-informed-build-and-verify,none,none,Use the named research only as non-credit input; implement and verify in the selected production lane: Preserve end-to-end authenticity when cryptographic cost is amortized.
DM-6-33,must,baseline,hard_invariant,true,open,unassigned,No selected-production-lane evidence is mapped.,not-yet-mapped,none,No proven retained semantic source is mapped; define implementation and acceptance evidence.,none,pointer-only-no-production-credit,docs/evaluations/0005/requirement-maps/security-profile.json,research-informed-build-and-verify,none,none,Use the named research only as non-credit input; implement and verify in the selected production lane: Preserve end-to-end encryption when cryptographic cost is amortized.
DM-6-34,must,baseline,hard_invariant,true,open,unassigned,No selected-production-lane evidence is mapped.,not-yet-mapped,none,No proven retained semantic source is mapped; define implementation and acceptance evidence.,none,pointer-only-no-production-credit,docs/evaluations/0005/requirement-maps/security-profile.json,research-informed-build-and-verify,none,none,Use the named research only as non-credit input; implement and verify in the selected production lane: Keep per-item security overhead compatible with the evaluated link-rate operating envelope.
DM-6-35,must,baseline,hard_invariant,true,open,unassigned,No selected-production-lane evidence is mapped.,not-yet-mapped,none,No proven retained semantic source is mapped; define implementation and acceptance evidence.,none,pointer-only-no-production-credit,docs/evaluations/0005/requirement-maps/security-profile.json,research-informed-build-and-verify,none,none,Use the named research only as non-credit input; implement and verify in the selected production lane: Do not use hand-rolled cryptographic primitives.
DM-6-36,must,baseline,hard_invariant,true,open,unassigned,No selected-production-lane evidence is mapped.,not-yet-mapped,none,No proven retained semantic source is mapped; define implementation and acceptance evidence.,none,pointer-only-no-production-credit,docs/evaluations/0005/requirement-maps/security-profile.json,research-informed-build-and-verify,none,none,Use the named research only as non-credit input; implement and verify in the selected production lane: Use only vetted widely reviewed cryptographic implementations.
DM-7-01,must,baseline,product_scope,true,open,unassigned,No selected-production-lane evidence is mapped.,crates/aster-core,crates/aster-core/src/causal.rs; crates/aster-core/src/engine.rs; crates/aster-core/src/source_event.rs; crates/aster-core/src/crypto/reference.rs; aster-core source tests,Retain the named proven source until the selected replacement passes equivalent source tests.,none,pointer-only-no-production-credit,docs/evaluations/0005/requirement-maps/product-assurance.csv,migrate-and-verify,none,none,"Migrate equivalent behavior from the named source, integrate it with the selected composition, and pass equivalent tests: Provide the framework as a single embeddable library."
DM-7-02,must,baseline,product_scope,true,open,unassigned,No selected-production-lane evidence is mapped.,crates/aster-ffi,crates/aster-ffi/src; aster-ffi source tests,Retain the named proven source until the selected replacement passes equivalent source tests.,bindings/c,pointer-only-no-production-credit,docs/evaluations/0005/requirement-maps/product-assurance.csv,migrate-and-verify,none,none,"Migrate equivalent behavior from the named source, integrate it with the selected composition, and pass equivalent tests: Provide a C-compatible FFI."
DM-7-03,must,baseline,product_scope,true,open,unassigned,No selected-production-lane evidence is mapped.,not-yet-mapped,none,No proven retained semantic source is mapped; define implementation and acceptance evidence.,docs/bindings/pattern.md,pointer-only-no-production-credit,docs/evaluations/0005/requirement-maps/product-assurance.csv,retain-artifact-and-build,none,none,"Retain the named non-credit artifact as authority, product input, or prior work; complete and verify the selected obligation: Document a repeatable pattern for producing language bindings."
DM-7-04,must,baseline,product_scope,true,open,unassigned,No selected-production-lane evidence is mapped.,not-yet-mapped,none,No proven retained semantic source is mapped; define implementation and acceptance evidence.,docs/bindings/pattern.md; bindings/c; bindings/go; bindings/python,pointer-only-no-production-credit,docs/evaluations/0005/requirement-maps/product-assurance.csv,retain-artifact-and-build,none,none,"Retain the named non-credit artifact as authority, product input, or prior work; complete and verify the selected obligation: Ship a template for producing language bindings."
DM-7-05,must,mvp,product_scope,true,open,unassigned,No selected-production-lane evidence is mapped.,crates/aster-ffi; bindings/go; bindings/python,crates/aster-ffi/src; aster-ffi source tests; bindings/go; Go binding tests; bindings/python; Python binding tests,Retain the named proven source until the selected replacement passes equivalent source tests.,none,pointer-only-no-production-credit,docs/evaluations/0005/requirement-maps/product-assurance.csv,migrate-and-verify,none,none,"Migrate equivalent behavior from the named source, integrate it with the selected composition, and pass equivalent tests: Ship first-class language bindings at MVP."
DM-7-06,provisional,mvp,provisional_target,false,open,stakeholder; requirements owner,No selected-production-lane evidence is mapped.,not-yet-mapped,none,No proven retained semantic source is mapped; define implementation and acceptance evidence.,none,pointer-only-no-production-credit,docs/evaluations/0005/requirement-maps/product-assurance.csv,external-gate-and-implementation,stakeholder-provisional-target,stakeholder; requirements owner,Complete the named external gate and any selected implementation work; then verify: Evaluate the number of first-class MVP bindings.
DM-7-07,open,governance,preference_or_future,false,open,stakeholder; API owner,No selected-production-lane evidence is mapped.,not-yet-mapped,none,No proven retained semantic source is mapped; define implementation and acceptance evidence.,none,pointer-only-no-production-credit,docs/evaluations/0005/requirement-maps/product-assurance.csv,stakeholder-governance-gate,stakeholder-binding-selection,stakeholder; API owner,The named gate owner must decide or validate this governance obligation; record the disposition before release: Select MVP bindings from Go Java/Kotlin Swift Python and Node.js.
DM-7-08,binding,post-mvp,product_scope,true,open,product owner,No selected-production-lane evidence is mapped.,crates/aster-core,crates/aster-core/src/causal.rs; crates/aster-core/src/engine.rs; crates/aster-core/src/source_event.rs; crates/aster-core/src/crypto/reference.rs; aster-core source tests,Retain the named proven source until the selected replacement passes equivalent source tests.,none,none,none,deferred-post-mvp,none,none,Retain as explicit post-MVP work and preserve its extension seam: Produce remaining binding targets through the documented pattern after MVP.
DM-7-09,should,mvp,preference_or_future,false,implemented-uncredited,aster-agent,proto/aster/application/v1alpha1/aster.proto; crates/aster-agent/src/lib.rs; crates/aster-agent/src/main.rs; crates/aster-agent/tests/real_node_connect.rs; examples/connect_agent.sh; docs/quickstart/connect-agent.md; docs/decisions/0030-event-first-local-connect-agent.md; a separate process owns the running selected node and serves its live Event authority through an authenticated loopback application listener,not-yet-mapped,none,No proven retained semantic source is mapped; define implementation and acceptance evidence.,crates/aster-agent; docs/quickstart/connect-agent.md,pointer-only-no-production-credit,docs/evaluations/0005/requirement-maps/product-assurance.csv,continue-selected-implementation,none,none,"This is an alpha same-host agent without protected mission provisioning, credential rotation/reload, OS socket identity, supported-target packaging, production deployment acceptance, or live State/Record/Blob operations."
DM-7-10,should,mvp,preference_or_future,false,implemented-uncredited,aster-agent,"proto/aster/application/v1alpha1/aster.proto; crates/aster-agent/src/lib.rs; crates/aster-agent/src/main.rs; crates/aster-agent/tests/real_node_connect.rs; examples/connect_agent.sh; docs/quickstart/connect-agent.md; docs/decisions/0030-event-first-local-connect-agent.md; the repository-owned v1alpha1 Protobuf service accepts Connect, gRPC, and gRPC-Web calls without requiring the Buf Schema Registry",not-yet-mapped,none,No proven retained semantic source is mapped; define implementation and acceptance evidence.,proto/aster/application/v1alpha1/aster.proto; crates/aster-agent,pointer-only-no-production-credit,docs/evaluations/0005/requirement-maps/product-assurance.csv,continue-selected-implementation,none,none,"Only same-implementation Connect client evidence exists. Independent gRPC/gRPC-Web clients, supported-target packaging, protected provisioning, and production local-IPC acceptance remain open."
DM-7-11,must,baseline,product_scope,true,implemented-uncredited,aster-node::application + aster-agent,"crates/aster-node/src/application.rs; crates/aster-node/src/runtime.rs; crates/aster-node/src/lib.rs; crates/aster-node/examples/live_event_application.rs; crates/aster-node/tests/mesh_cli.rs::offline_publish_later_real_process_sync_poll_ack_and_restart; docs/quickstart/selected-event-api.md; proto/aster/application/v1alpha1/aster.proto; crates/aster-agent/src/lib.rs; crates/aster-agent/src/main.rs; crates/aster-agent/tests/real_node_connect.rs; examples/connect_agent.sh; docs/quickstart/connect-agent.md; docs/decisions/0030-event-first-local-connect-agent.md; SelectedEventHandle and the authenticated agent expose typed publish, query, subscribe, poll/stream, acknowledge, unsubscribe, authenticated gaps, sync status, and peer status with sanitized errors",crates/aster-core; crates/aster-ffi,crates/aster-core/src/causal.rs; crates/aster-core/src/engine.rs; crates/aster-core/src/source_event.rs; crates/aster-core/src/crypto/reference.rs; aster-core source tests; crates/aster-ffi/src; aster-ffi source tests,Retain the named proven source until the selected replacement passes equivalent source tests.,crates/aster-node/src/application.rs; docs/decisions/0009-public-api-boundary.md,pointer-only-no-production-credit,docs/evaluations/0005/requirement-maps/p2panda.csv; docs/evaluations/0005/requirement-maps/product-assurance.csv,continue-selected-implementation,none,none,"This is an Event-only partial boundary. State/Record/Blob, conflict annotations, control/provisioning administration, selected-node bindings, and the complete adopter-facing API remain open."
DM-7-12,must,baseline,product_scope,true,open,unassigned,No selected-production-lane evidence is mapped.,crates/aster-core; crates/aster-ffi,crates/aster-core/src/causal.rs; crates/aster-core/src/engine.rs; crates/aster-core/src/source_event.rs; crates/aster-core/src/crypto/reference.rs; aster-core source tests; crates/aster-ffi/src; aster-ffi source tests,Retain the named proven source until the selected replacement passes equivalent source tests.,none,pointer-only-no-production-credit,docs/evaluations/0005/requirement-maps/product-assurance.csv,migrate-and-verify,none,none,"Migrate equivalent behavior from the named source, integrate it with the selected composition, and pass equivalent tests: Do not expose cryptographic primitives through the public API."
DM-7-13,must,baseline,product_scope,true,open,unassigned,No selected-production-lane evidence is mapped.,crates/aster-core; crates/aster-ffi,crates/aster-core/src/causal.rs; crates/aster-core/src/engine.rs; crates/aster-core/src/source_event.rs; crates/aster-core/src/crypto/reference.rs; aster-core source tests; crates/aster-ffi/src; aster-ffi source tests,Retain the named proven source until the selected replacement passes equivalent source tests.,none,pointer-only-no-production-credit,docs/evaluations/0005/requirement-maps/carrier.csv; docs/evaluations/0005/requirement-maps/product-assurance.csv,migrate-and-verify,none,none,"Migrate equivalent behavior from the named source, integrate it with the selected composition, and pass equivalent tests: Do not expose fragmentation through the public API."
DM-7-14,must,baseline,product_scope,true,implemented-uncredited,aster-node::application,"crates/aster-node/src/application.rs; crates/aster-node/src/runtime.rs; crates/aster-node/src/lib.rs; crates/aster-node/examples/live_event_application.rs; crates/aster-node/tests/mesh_cli.rs::offline_publish_later_real_process_sync_poll_ack_and_restart; docs/quickstart/selected-event-api.md; proto/aster/application/v1alpha1/aster.proto; crates/aster-agent/src/lib.rs; crates/aster-agent/src/main.rs; crates/aster-agent/tests/real_node_connect.rs; examples/connect_agent.sh; docs/quickstart/connect-agent.md; docs/decisions/0030-event-first-local-connect-agent.md; SelectedEventHandle and agent operations/results contain no carrier type, endpoint, address, path choice, or transport selection",crates/aster-core; crates/aster-ffi,crates/aster-core/src/causal.rs; crates/aster-core/src/engine.rs; crates/aster-core/src/source_event.rs; crates/aster-core/src/crypto/reference.rs; aster-core source tests; crates/aster-ffi/src; aster-ffi source tests,Retain the named proven source until the selected replacement passes equivalent source tests.,crates/aster-node/src/application.rs; docs/decisions/0009-public-api-boundary.md,pointer-only-no-production-credit,docs/evaluations/0005/requirement-maps/product-assurance.csv,continue-selected-implementation,none,none,"Node startup still requires separate direct-Iroh configuration, and the complete multi-class API, bindings, and future multi-carrier composition require the same boundary audit."
DM-7-15,must,baseline,product_scope,true,implemented-uncredited,aster-node::application,"crates/aster-node/src/application.rs; crates/aster-node/src/runtime.rs; crates/aster-node/src/lib.rs; crates/aster-node/examples/live_event_application.rs; crates/aster-node/tests/mesh_cli.rs::offline_publish_later_real_process_sync_poll_ack_and_restart; docs/quickstart/selected-event-api.md; proto/aster/application/v1alpha1/aster.proto; crates/aster-agent/src/lib.rs; crates/aster-agent/src/main.rs; crates/aster-agent/tests/real_node_connect.rs; examples/connect_agent.sh; docs/quickstart/connect-agent.md; docs/decisions/0030-event-first-local-connect-agent.md; the live Event and agent surfaces return application items, delivery attempts, verified gap intervals, and high-level last-contact status without exposing inventories, exact transfer IDs, Negentropy state, or contact protocol frames",crates/aster-core; crates/aster-ffi,crates/aster-core/src/causal.rs; crates/aster-core/src/engine.rs; crates/aster-core/src/source_event.rs; crates/aster-core/src/crypto/reference.rs; aster-core source tests; crates/aster-ffi/src; aster-ffi source tests,Retain the named proven source until the selected replacement passes equivalent source tests.,crates/aster-node/src/application.rs; docs/decisions/0009-public-api-boundary.md,pointer-only-no-production-credit,docs/evaluations/0005/requirement-maps/product-assurance.csv,continue-selected-implementation,none,none,"Complete and audit the same abstraction across State/Record/Blob, conflict workflows, bindings, and control administration."
DM-7-16,must,baseline,hard_invariant,true,implemented-uncredited,aster-node,"docs/implementation/requirements-status.md#mission-control-revocation-and-rekey-receipt; crates/aster-core/src/source_event.rs; crates/aster-redb-store/src/lib.rs; crates/aster-node/src/runtime.rs; crates/aster-node/src/application.rs; crates/aster-node/examples/event_application.rs; docs/quickstart/selected-event-api.md; crates/aster-node/tests/mesh_cli.rs; crates/aster-node/src/application.rs; crates/aster-node/src/runtime.rs; crates/aster-node/src/lib.rs; crates/aster-node/examples/live_event_application.rs; crates/aster-node/tests/mesh_cli.rs::offline_publish_later_real_process_sync_poll_ack_and_restart; docs/quickstart/selected-event-api.md; after epoch-two control convergence one retained cohort published Ping with peers=0 and contacts=0, and the generalized live handle publishes arbitrary authorized Events while no peer is configured",crates/aster-core; crates/aster-ffi,crates/aster-core/src/causal.rs; crates/aster-core/src/engine.rs; crates/aster-core/src/source_event.rs; crates/aster-core/src/crypto/reference.rs; aster-core source tests; crates/aster-ffi/src; aster-ffi source tests,Retain the named proven source until the selected replacement passes equivalent source tests.,none,pointer-only-no-production-credit,docs/evaluations/0005/requirement-maps/p2panda.csv,continue-selected-implementation,none,none,"The generalized live path has current-code automated evidence only. Compose every data class, stakeholder-set offline intervals, and selected-node bindings."
DM-7-17,must,baseline,hard_invariant,true,observed-bounded,aster-node,"docs/implementation/requirements-status.md#reproducible-receipt; crates/aster-node/src/application.rs; crates/aster-node/src/runtime.rs; crates/aster-node/src/lib.rs; crates/aster-node/examples/live_event_application.rs; crates/aster-node/tests/mesh_cli.rs::offline_publish_later_real_process_sync_poll_ack_and_restart; docs/quickstart/selected-event-api.md; the retained built-in flow published while peerless and synchronized later; a separate current-code process test publishes through SelectedEventHandle with no peer, restarts the publisher for contact, and polls/acks at the receiver",crates/aster-core; crates/aster-ffi,crates/aster-core/src/causal.rs; crates/aster-core/src/engine.rs; crates/aster-core/src/source_event.rs; crates/aster-core/src/crypto/reference.rs; aster-core source tests; crates/aster-ffi/src; aster-ffi source tests,Retain the named proven source until the selected replacement passes equivalent source tests.,none,pointer-only-no-production-credit,docs/evaluations/0005/requirement-maps/selected-stack.json; docs/evaluations/0005/requirement-maps/p2panda.csv,continue-selected-implementation,none,none,"The generalized live path has no retained PR-C receipt. Stakeholder-set offline duration, other classes, physical systems, no-loss acceptance, and independent interoperability remain open."
DM-7-18,must,baseline,product_scope,true,implemented-uncredited,aster-node + aster-agent + shipped documentation,"crates/aster-node/src/application.rs; crates/aster-node/src/runtime.rs; crates/aster-node/src/lib.rs; crates/aster-node/examples/live_event_application.rs; crates/aster-node/tests/mesh_cli.rs::offline_publish_later_real_process_sync_poll_ack_and_restart; docs/quickstart/selected-event-api.md; proto/aster/application/v1alpha1/aster.proto; crates/aster-agent/src/lib.rs; crates/aster-agent/src/main.rs; crates/aster-agent/tests/real_node_connect.rs; examples/connect_agent.sh; docs/quickstart/connect-agent.md; docs/decisions/0030-event-first-local-connect-agent.md; docs ship runnable embedded and 35-line local-agent examples, complete high-level Event paths, conservative delivery/gap/status semantics, and focused real-node tests",crates/aster-core; crates/aster-ffi,crates/aster-core/src/causal.rs; crates/aster-core/src/engine.rs; crates/aster-core/src/source_event.rs; crates/aster-core/src/crypto/reference.rs; aster-core source tests; crates/aster-ffi/src; aster-ffi source tests,Retain the named proven source until the selected replacement passes equivalent source tests.,docs/quickstart/selected-event-api.md; docs/quickstart/connect-agent.md; crates/aster-node/src/application.rs; crates/aster-agent,none,none,continue-selected-implementation,none,none,"Compilation and automated tests are not an independent developer-usability study; other data classes, selected-node bindings, operational provisioning, production packaging, and the complete integration surface remain open."
DM-7-19,provisional,baseline,provisional_target,false,open,stakeholder; requirements owner,No selected-production-lane evidence is mapped.,not-yet-mapped,none,No proven retained semantic source is mapped; define implementation and acceptance evidence.,none,none,none,external-gate-and-implementation,stakeholder-provisional-target,stakeholder; requirements owner,Complete the named external gate and any selected implementation work; then verify: Evaluate the basic integration-time target.
DM-7-20,should,baseline,preference_or_future,false,observed-bounded,aster-node + aster-agent,"docs/quickstart/mesh-cli.md; crates/aster-node/src/application.rs; crates/aster-node/src/runtime.rs; crates/aster-node/src/lib.rs; crates/aster-node/examples/live_event_application.rs; crates/aster-node/tests/mesh_cli.rs::offline_publish_later_real_process_sync_poll_ack_and_restart; docs/quickstart/selected-event-api.md; proto/aster/application/v1alpha1/aster.proto; crates/aster-agent/src/lib.rs; crates/aster-agent/src/main.rs; crates/aster-agent/tests/real_node_connect.rs; examples/connect_agent.sh; docs/quickstart/connect-agent.md; docs/decisions/0030-event-first-local-connect-agent.md; the shipped CLI runs bounded source-authenticated Event Ping/Pong, compiled stopped/live examples exercise the high-level Event API, and the 35-line agent sample performs status, subscribe, offline publish, poll, and acknowledge",not-yet-mapped,none,No proven retained semantic source is mapped; define implementation and acceptance evidence.,docs/quickstart/mesh-cli.md; docs/quickstart/selected-event-api.md; examples/connect_agent.sh,none,none,continue-selected-implementation,none,none,"The retained observation predates the agent sample. Add an independent usability exercise, other data classes, selected-node bindings, operational provisioning, and physical multi-system instructions/evidence."
DM-7-21,provisional,baseline,provisional_target,false,open,stakeholder; requirements owner,No selected-production-lane evidence is mapped.,not-yet-mapped,none,No proven retained semantic source is mapped; define implementation and acceptance evidence.,none,none,none,external-gate-and-implementation,stakeholder-provisional-target,stakeholder; requirements owner,Complete the named external gate and any selected implementation work; then verify: Evaluate the minimal-sample size target.
DM-8-01,binding,baseline,product_scope,true,observed-bounded,selected Rust workspace,cargo +1.91.0 check --locked --offline --workspace --all-targets --all-features and selected control/Event/runtime tests passed; the locked/offline Darwin-arm64 Mach-O is 8776928 bytes with SHA-256 c905ffadb6481b2fa947c88ba60141b8117094b0836271a05a23fc07ab4a0a65,not-yet-mapped,none,No proven retained semantic source is mapped; define implementation and acceptance evidence.,Cargo.toml; Cargo.lock,none,none,continue-selected-implementation,none,none,Repeat static-build and target acceptance for every supported release target after the full semantic migration; artifact identity is not release authorization.
DM-8-02,binding,baseline,product_scope,true,observed-bounded,selected Rust workspace,Cargo.toml designates the selected crates as Rust; cargo +1.91.0 check --locked --offline --workspace --all-targets --all-features passed,not-yet-mapped,none,No proven retained semantic source is mapped; define implementation and acceptance evidence.,Cargo.toml; Cargo.lock,none,none,continue-selected-implementation,none,none,Retain Rust as the core-framework language through full semantic migration and release packaging.
DM-8-03,may,baseline,preference_or_future,false,open,unassigned,No selected-production-lane evidence is mapped.,not-yet-mapped,none,No proven retained semantic source is mapped; define implementation and acceptance evidence.,none,pointer-only-no-production-credit,docs/evaluations/0005/requirement-maps/carrier.csv,research-informed-build-and-verify,none,none,Use the named research only as non-credit input; implement and verify in the selected production lane: Permit C or other languages only where necessary.
DM-8-04,must,baseline,product_scope,true,open,unassigned,No selected-production-lane evidence is mapped.,not-yet-mapped,none,No proven retained semantic source is mapped; define implementation and acceptance evidence.,none,pointer-only-no-production-credit,docs/evaluations/0005/requirement-maps/carrier.csv,research-informed-build-and-verify,none,none,Use the named research only as non-credit input; implement and verify in the selected production lane: Document rationale for every component requiring C or another language.
DM-8-05,must,baseline,hard_invariant,true,open,dependency-policy owner,"docs/implementation/requirements-status.md#dependency-admission-gate; docs/decisions/0028-selected-stack-implementation-boundary.md; deny.toml; THIRD_PARTY_NOTICES.md; the stakeholder approved five exact-coordinate CDLA/Unlicense exceptions with hash-pinned distribution notices, while the CDLA treatment remains a visible deviation from the frozen OSI-only rule",not-yet-mapped,none,No proven retained semantic source is mapped; define implementation and acceptance evidence.,deny.toml; tools/check-dependency-exception-scope.sh,pointer-only-no-production-credit,docs/evaluations/0005/requirement-maps/carrier.csv; docs/evaluations/0005/requirement-maps/product-assurance.csv,stakeholder-approved-deviation,dependency-license-admission,dependency-policy owner; legal/license owner; release owner,Keep the exact exception and notices fail-closed; define supported release targets and either amend the normative OSI-only rule or replace the CDLA trust-root path before claiming DM-8-05 credit.
DM-8-06,must,baseline,hard_invariant,true,open,unassigned,No selected-production-lane evidence is mapped.,not-yet-mapped,none,No proven retained semantic source is mapped; define implementation and acceptance evidence.,none,pointer-only-no-production-credit,docs/evaluations/0005/requirement-maps/carrier.csv; docs/evaluations/0005/requirement-maps/product-assurance.csv,research-informed-build-and-verify,none,none,Use the named research only as non-credit input; implement and verify in the selected production lane: Use no strongly copyleft dependency.
DM-8-07,must,baseline,hard_invariant,true,open,unassigned,No selected-production-lane evidence is mapped.,not-yet-mapped,none,No proven retained semantic source is mapped; define implementation and acceptance evidence.,none,pointer-only-no-production-credit,docs/evaluations/0005/requirement-maps/carrier.csv; docs/evaluations/0005/requirement-maps/product-assurance.csv,research-informed-build-and-verify,none,none,Use the named research only as non-credit input; implement and verify in the selected production lane: Use no proprietary dependency.
DM-8-08,must,baseline,hard_invariant,true,open,unassigned,No selected-production-lane evidence is mapped.,not-yet-mapped,none,No proven retained semantic source is mapped; define implementation and acceptance evidence.,none,pointer-only-no-production-credit,docs/evaluations/0005/requirement-maps/carrier.csv,research-informed-build-and-verify,none,none,Use the named research only as non-credit input; implement and verify in the selected production lane: Use only actively maintained dependencies.
DM-8-09,must,baseline,hard_invariant,true,open,unassigned,No selected-production-lane evidence is mapped.,not-yet-mapped,none,No proven retained semantic source is mapped; define implementation and acceptance evidence.,none,pointer-only-no-production-credit,docs/evaluations/0005/requirement-maps/carrier.csv,research-informed-build-and-verify,none,none,Use the named research only as non-credit input; implement and verify in the selected production lane: Use dependencies under identifiable governance.
DM-8-10,must,baseline,hard_invariant,true,open,unassigned,No selected-production-lane evidence is mapped.,not-yet-mapped,none,No proven retained semantic source is mapped; define implementation and acceptance evidence.,none,pointer-only-no-production-credit,docs/evaluations/0005/requirement-maps/carrier.csv,research-informed-build-and-verify,none,none,Use the named research only as non-credit input; implement and verify in the selected production lane: Use dependencies with a vulnerability-reporting channel.
DM-8-11,must,baseline,hard_invariant,true,open,unassigned,No selected-production-lane evidence is mapped.,not-yet-mapped,none,No proven retained semantic source is mapped; define implementation and acceptance evidence.,none,pointer-only-no-production-credit,docs/evaluations/0005/requirement-maps/carrier.csv,research-informed-build-and-verify,none,none,Use the named research only as non-credit input; implement and verify in the selected production lane: Use dependencies with a history of timely security patching.
DM-8-12,must,baseline,product_scope,true,open,unassigned,No selected-production-lane evidence is mapped.,not-yet-mapped,none,No proven retained semantic source is mapped; define implementation and acceptance evidence.,none,pointer-only-no-production-credit,docs/evaluations/0005/requirement-maps/carrier.csv; docs/evaluations/0005/requirement-maps/product-assurance.csv,research-informed-build-and-verify,none,none,Use the named research only as non-credit input; implement and verify in the selected production lane: Maintain an inventory of dependencies in an SBOM.
DM-8-13,must,baseline,product_scope,true,open,unassigned,No selected-production-lane evidence is mapped.,not-yet-mapped,none,No proven retained semantic source is mapped; define implementation and acceptance evidence.,none,pointer-only-no-production-credit,docs/evaluations/0005/requirement-maps/carrier.csv; docs/evaluations/0005/requirement-maps/product-assurance.csv,research-informed-build-and-verify,none,none,Use the named research only as non-credit input; implement and verify in the selected production lane: Maintain an inventory of dependency licenses.
DM-8-14,binding,baseline,preference_or_future,false,open,unassigned,No selected-production-lane evidence is mapped.,not-yet-mapped,none,No proven retained semantic source is mapped; define implementation and acceptance evidence.,none,pointer-only-no-production-credit,docs/evaluations/0005/requirement-maps/carrier.csv; docs/evaluations/0005/requirement-maps/product-assurance.csv,research-informed-build-and-verify,none,none,Use the named research only as non-credit input; implement and verify in the selected production lane: Prefer maintained FOSS tools and libraries over bespoke designs when they meet requirements.
DM-8-15,binding,baseline,preference_or_future,false,open,unassigned,No selected-production-lane evidence is mapped.,not-yet-mapped,none,No proven retained semantic source is mapped; define implementation and acceptance evidence.,none,pointer-only-no-production-credit,docs/evaluations/0005/requirement-maps/carrier.csv,research-informed-build-and-verify,none,none,Use the named research only as non-credit input; implement and verify in the selected production lane: Prefer published standards over bespoke designs when they meet requirements.
DM-8-16,must,baseline,product_scope,true,open,unassigned,No selected-production-lane evidence is mapped.,not-yet-mapped,none,No proven retained semantic source is mapped; define implementation and acceptance evidence.,docs/decisions/0025-requirements-first-foss-architecture-evaluation.md,pointer-only-no-production-credit,docs/evaluations/0005/requirement-maps/carrier.csv; docs/evaluations/0005/requirement-maps/product-assurance.csv,retain-artifact-and-build,none,none,"Retain the named non-credit artifact as authority, product input, or prior work; complete and verify the selected obligation: Record the evaluation and rationale whenever the team builds instead of buying."
DM-8-17,binding,baseline,hard_invariant,true,open,unassigned,No selected-production-lane evidence is mapped.,not-yet-mapped,none,No proven retained semantic source is mapped; define implementation and acceptance evidence.,docs/protocol.md; docs/wire.cddl; docs/conformance.md,pointer-only-no-production-credit,docs/evaluations/0005/requirement-maps/product-assurance.csv,retain-artifact-and-build,none,none,"Retain the named non-credit artifact as authority, product input, or prior work; complete and verify the selected obligation: Treat the protocol specification as the interoperability authority."
DM-8-18,must,baseline,hard_invariant,true,open,conformance owner; independent implementation owner,No selected-production-lane evidence is mapped.,not-yet-mapped,none,No proven retained semantic source is mapped; define implementation and acceptance evidence.,none,pointer-only-no-production-credit,docs/evaluations/0005/requirement-maps/product-assurance.csv,external-gate-and-implementation,independent-implementation,conformance owner; independent implementation owner,Complete the named external gate and any selected implementation work; then verify: Make two independent conformant implementations interoperate.
DM-8-19,binding,baseline,hard_invariant,true,open,unassigned,No selected-production-lane evidence is mapped.,not-yet-mapped,none,No proven retained semantic source is mapped; define implementation and acceptance evidence.,docs/protocol.md; docs/wire.cddl,pointer-only-no-production-credit,docs/evaluations/0005/requirement-maps/product-assurance.csv,retain-artifact-and-build,none,none,"Retain the named non-credit artifact as authority, product input, or prior work; complete and verify the selected obligation: Treat the reference framework as one implementation rather than the protocol definition."
DM-9-01,future,future,preference_or_future,false,open,architecture owner,No selected-production-lane evidence is mapped.,not-yet-mapped,none,No proven retained semantic source is mapped; define implementation and acceptance evidence.,none,pointer-only-no-production-credit,docs/evaluations/0005/requirement-maps/carrier.csv,deferred-future-extension-seam,none,none,Preserve the extension seam without pulling this work into MVP: Permit a future reduced-subset MCU-class no-OS protocol profile.
DM-9-02,provisional,future,provisional_target,false,open,architecture owner,No selected-production-lane evidence is mapped.,not-yet-mapped,none,No proven retained semantic source is mapped; define implementation and acceptance evidence.,none,none,none,deferred-future-extension-seam,stakeholder-provisional-target,stakeholder; requirements owner,Preserve the extension seam without pulling this work into MVP: Evaluate a Tier-1 RAM limit.
DM-9-03,provisional,future,provisional_target,false,open,architecture owner,No selected-production-lane evidence is mapped.,not-yet-mapped,none,No proven retained semantic source is mapped; define implementation and acceptance evidence.,none,none,none,deferred-future-extension-seam,stakeholder-provisional-target,stakeholder; requirements owner,Preserve the extension seam without pulling this work into MVP: Evaluate a Tier-1 flash-size limit.
DM-9-04,may,future,preference_or_future,false,open,architecture owner,No selected-production-lane evidence is mapped.,not-yet-mapped,none,No proven retained semantic source is mapped; define implementation and acceptance evidence.,none,none,none,deferred-future-extension-seam,none,none,Preserve the extension seam without pulling this work into MVP: Permit Tier-1 item storage to use external flash.
DM-9-05,must,mvp,hard_invariant,true,open,unassigned,No selected-production-lane evidence is mapped.,not-yet-mapped,none,No proven retained semantic source is mapped; define implementation and acceptance evidence.,none,pointer-only-no-production-credit,docs/evaluations/0005/requirement-maps/carrier.csv,research-informed-build-and-verify,none,none,Use the named research only as non-credit input; implement and verify in the selected production lane: Do not let the MVP design preclude a future Tier-1 profile.
DM-9-06,binding,mvp,product_scope,true,open,unassigned,No selected-production-lane evidence is mapped.,not-yet-mapped,none,No proven retained semantic source is mapped; define implementation and acceptance evidence.,none,pointer-only-no-production-credit,docs/evaluations/0005/requirement-maps/selected-stack.json,research-informed-build-and-verify,none,none,Use the named research only as non-credit input; implement and verify in the selected production lane: Use embedded Linux and mobile Tier-2 devices as the MVP baseline.
DM-9-07,binding,baseline,product_scope,true,open,unassigned,No selected-production-lane evidence is mapped.,not-yet-mapped,none,No proven retained semantic source is mapped; define implementation and acceptance evidence.,none,none,none,build-and-verify,none,none,Implement and verify in the selected production lane: Support larger storage plus relay and bridge duty on vehicle or mission-system Tier-3 devices.
DM-9-08A,binding,mvp,hard_invariant,true,open,unassigned,No selected-production-lane evidence is mapped.,not-yet-mapped,none,No proven retained semantic source is mapped; define implementation and acceptance evidence.,none,pointer-only-no-production-credit,docs/evaluations/0005/requirement-maps/selected-stack.json,research-informed-build-and-verify,none,none,Use the named research only as non-credit input; implement and verify in the selected production lane: Control the framework's added binary footprint on Tier-2 devices.
DM-9-08,provisional,mvp,provisional_target,false,open,stakeholder; requirements owner,No selected-production-lane evidence is mapped.,not-yet-mapped,none,No proven retained semantic source is mapped; define implementation and acceptance evidence.,none,pointer-only-no-production-credit,docs/evaluations/0005/requirement-maps/selected-stack.json; docs/evaluations/0005/requirement-maps/product-assurance.csv,external-gate-and-implementation,stakeholder-provisional-target,stakeholder; requirements owner,Complete the named external gate and any selected implementation work; then verify: Evaluate added binary size on Tier-2.
DM-9-09A,binding,mvp,hard_invariant,true,open,unassigned,No selected-production-lane evidence is mapped.,not-yet-mapped,none,No proven retained semantic source is mapped; define implementation and acceptance evidence.,none,pointer-only-no-production-credit,docs/evaluations/0005/requirement-maps/discovery.csv; docs/evaluations/0005/requirement-maps/selected-stack.json,research-informed-build-and-verify,none,none,Use the named research only as non-credit input; implement and verify in the selected production lane: Control steady-state RAM at a representative metadata working set on Tier-2 devices.
DM-9-09,provisional,mvp,provisional_target,false,open,stakeholder; requirements owner,No selected-production-lane evidence is mapped.,not-yet-mapped,none,No proven retained semantic source is mapped; define implementation and acceptance evidence.,none,pointer-only-no-production-credit,docs/evaluations/0005/requirement-maps/selected-stack.json; docs/evaluations/0005/requirement-maps/product-assurance.csv,external-gate-and-implementation,stakeholder-provisional-target,stakeholder; requirements owner,Complete the named external gate and any selected implementation work; then verify: Evaluate steady-state Tier-2 RAM.
DM-9-10,should,mvp,preference_or_future,false,open,unassigned,No selected-production-lane evidence is mapped.,not-yet-mapped,none,No proven retained semantic source is mapped; define implementation and acceptance evidence.,none,pointer-only-no-production-credit,docs/evaluations/0005/requirement-maps/selected-stack.json,research-informed-build-and-verify,none,none,Use the named research only as non-credit input; implement and verify in the selected production lane: Target lower steady-state RAM because mobile operating systems reclaim background processes.
DM-9-11,provisional,mvp,provisional_target,false,open,stakeholder; requirements owner,No selected-production-lane evidence is mapped.,not-yet-mapped,none,No proven retained semantic source is mapped; define implementation and acceptance evidence.,none,pointer-only-no-production-credit,docs/evaluations/0005/requirement-maps/selected-stack.json,external-gate-and-implementation,stakeholder-provisional-target,stakeholder; requirements owner,Complete the named external gate and any selected implementation work; then verify: Evaluate the preferred Tier-2 steady-state RAM target.
DM-9-12,provisional,mvp,provisional_target,false,open,stakeholder; requirements owner,No selected-production-lane evidence is mapped.,not-yet-mapped,none,No proven retained semantic source is mapped; define implementation and acceptance evidence.,none,pointer-only-no-production-credit,docs/evaluations/0005/requirement-maps/selected-stack.json; docs/evaluations/0005/requirement-maps/product-assurance.csv,external-gate-and-implementation,stakeholder-provisional-target,stakeholder; requirements owner,Complete the named external gate and any selected implementation work; then verify: Evaluate Tier-2 steady state at a metadata working set.
DM-9-13,must,mvp,hard_invariant,true,implemented-uncredited,aster-core + aster-redb-store + aster-node,"crates/aster-core/src/blob.rs; crates/aster-core/src/source_blob.rs; crates/aster-redb-store/src/blob.rs; crates/aster-redb-store/src/blob/depot.rs; crates/aster-node/src/application/blob.rs; crates/aster-node/examples/blob_application.rs; docs/quickstart/selected-blob-api.md; read_into freshly verifies the selected publication and completed depot variant, then reads canonical encrypted chunk files and streams independently authenticated plaintext chunks into a caller-owned writer",not-yet-mapped,none,No proven retained semantic source is mapped; define implementation and acceptance evidence.,none,pointer-only-no-production-credit,docs/evaluations/0005/requirement-maps/carrier.csv; docs/evaluations/0005/requirement-maps/blob.csv; docs/evaluations/0005/requirement-maps/selected-stack.json; docs/evaluations/0005/requirement-maps/willow.csv,continue-selected-implementation,none,none,"The selected reader is stopped/local and synchronous. Remote chunk transport, carrier switching, physical-disk acceptance, maximum-size runs, platform breadth, and retained resource evidence remain open."
DM-9-14,must,mvp,hard_invariant,true,implemented-uncredited,aster-core + aster-redb-store + aster-node,"crates/aster-core/src/blob.rs; crates/aster-core/src/source_blob.rs; crates/aster-redb-store/src/blob.rs; crates/aster-redb-store/src/blob/depot.rs; crates/aster-node/src/application/blob.rs; crates/aster-node/examples/blob_application.rs; docs/quickstart/selected-blob-api.md; preparation uses one bounded zeroizing plaintext chunk buffer and, after its first pass, retains only the one-MiB-manifest-bounded digest vector; the core streaming engine reports its peak chunk-buffer capacity, every store-adapter buffer is independently chunk-bounded, and tests compare multi-chunk output without collecting the complete Blob in the component",not-yet-mapped,none,No proven retained semantic source is mapped; define implementation and acceptance evidence.,none,pointer-only-no-production-credit,docs/evaluations/0005/requirement-maps/carrier.csv; docs/evaluations/0005/requirement-maps/blob.csv; docs/evaluations/0005/requirement-maps/selected-stack.json; docs/evaluations/0005/requirement-maps/willow.csv,continue-selected-implementation,none,none,"The public metric is the core reader's buffer, not whole-operation peak memory; the adapter may hold additional bounded chunk-sized buffers. Current evidence uses modest local fixtures. Add bracketed process resident-memory measurements on supported targets, physical storage/resource accounting, remote transfer, and retained acceptance before crediting the full resource target."
DM-9-15A,binding,mvp,hard_invariant,true,open,unassigned,No selected-production-lane evidence is mapped.,not-yet-mapped,none,No proven retained semantic source is mapped; define implementation and acceptance evidence.,none,pointer-only-no-production-credit,docs/evaluations/0005/requirement-maps/selected-stack.json,research-informed-build-and-verify,none,none,Use the named research only as non-credit input; implement and verify in the selected production lane: Remain functional on a constrained Tier-2 processor.
DM-9-15,provisional,mvp,provisional_target,false,open,stakeholder; requirements owner,No selected-production-lane evidence is mapped.,not-yet-mapped,none,No proven retained semantic source is mapped; define implementation and acceptance evidence.,none,pointer-only-no-production-credit,docs/evaluations/0005/requirement-maps/selected-stack.json,external-gate-and-implementation,stakeholder-provisional-target,stakeholder; requirements owner,Complete the named external gate and any selected implementation work; then verify: Evaluate function on a single ARM core.
DM-9-16,binding,baseline,hard_invariant,true,open,unassigned,No selected-production-lane evidence is mapped.,not-yet-mapped,none,No proven retained semantic source is mapped; define implementation and acceptance evidence.,none,pointer-only-no-production-credit,docs/evaluations/0005/requirement-maps/discovery.csv; docs/evaluations/0005/requirement-maps/selected-stack.json; docs/evaluations/0005/requirement-maps/product-assurance.csv,research-informed-build-and-verify,none,none,Use the named research only as non-credit input; implement and verify in the selected production lane: Use no busy polling.
DM-9-17,must,baseline,hard_invariant,true,open,unassigned,No selected-production-lane evidence is mapped.,not-yet-mapped,none,No proven retained semantic source is mapped; define implementation and acceptance evidence.,none,pointer-only-no-production-credit,docs/evaluations/0005/requirement-maps/selected-stack.json,research-informed-build-and-verify,none,none,Use the named research only as non-credit input; implement and verify in the selected production lane: Make synchronization duty cycles configurable.
DM-9-18,binding,baseline,hard_invariant,true,open,unassigned,No selected-production-lane evidence is mapped.,not-yet-mapped,none,No proven retained semantic source is mapped; define implementation and acceptance evidence.,none,pointer-only-no-production-credit,docs/evaluations/0005/requirement-maps/carrier.csv; docs/evaluations/0005/requirement-maps/selected-stack.json; docs/evaluations/0005/requirement-maps/product-assurance.csv,research-informed-build-and-verify,none,none,Use the named research only as non-credit input; implement and verify in the selected production lane: Keep idle cost near zero.
DM-9-19A,binding,baseline,hard_invariant,true,open,unassigned,No selected-production-lane evidence is mapped.,not-yet-mapped,none,No proven retained semantic source is mapped; define implementation and acceptance evidence.,none,pointer-only-no-production-credit,docs/evaluations/0005/requirement-maps/carrier.csv; docs/evaluations/0005/requirement-maps/selected-stack.json,research-informed-build-and-verify,none,none,Use the named research only as non-credit input; implement and verify in the selected production lane: Remain useful on very low-rate links.
DM-9-19,provisional,baseline,provisional_target,false,open,stakeholder; requirements owner,No selected-production-lane evidence is mapped.,not-yet-mapped,none,No proven retained semantic source is mapped; define implementation and acceptance evidence.,none,pointer-only-no-production-credit,docs/evaluations/0005/requirement-maps/carrier.csv; docs/evaluations/0005/requirement-maps/selected-stack.json; docs/evaluations/0005/requirement-maps/product-assurance.csv,external-gate-and-implementation,stakeholder-provisional-target,stakeholder; requirements owner,Complete the named external gate and any selected implementation work; then verify: Evaluate useful behavior at the low-link-rate anchor.
DM-9-20A,binding,baseline,hard_invariant,true,open,unassigned,No selected-production-lane evidence is mapped.,not-yet-mapped,none,No proven retained semantic source is mapped; define implementation and acceptance evidence.,none,pointer-only-no-production-credit,docs/evaluations/0005/requirement-maps/carrier.csv; docs/evaluations/0005/requirement-maps/blob.csv; docs/evaluations/0005/requirement-maps/selected-stack.json,research-informed-build-and-verify,none,none,Use the named research only as non-credit input; implement and verify in the selected production lane: Remain useful on high-loss links.
DM-9-20,provisional,baseline,provisional_target,false,open,stakeholder; requirements owner,No selected-production-lane evidence is mapped.,not-yet-mapped,none,No proven retained semantic source is mapped; define implementation and acceptance evidence.,none,pointer-only-no-production-credit,docs/evaluations/0005/requirement-maps/carrier.csv; docs/evaluations/0005/requirement-maps/blob.csv; docs/evaluations/0005/requirement-maps/selected-stack.json; docs/evaluations/0005/requirement-maps/product-assurance.csv,external-gate-and-implementation,stakeholder-provisional-target,stakeholder; requirements owner,Complete the named external gate and any selected implementation work; then verify: Evaluate useful behavior at the loss-rate anchor.
DM-9-21A,binding,baseline,hard_invariant,true,implemented-uncredited,aster-node,"docs/implementation/requirements-status.md#bounded-scale-probes; configurable demo accepts 2 through 32 with 2N+1 cohorts and 5N-2 children, and current source-authenticated Event receipts passed at 3 nodes/13 processes and 8 nodes/38 processes",not-yet-mapped,none,No proven retained semantic source is mapped; define implementation and acceptance evidence.,none,pointer-only-no-production-credit,docs/evaluations/0005/requirement-maps/selected-stack.json,continue-selected-implementation,none,none,"Eight nodes do not prove the bracketed many-node target, the full 2-through-32 range, physical scale, or resource targets."
DM-9-21,provisional,baseline,provisional_target,false,open,stakeholder; requirements owner,No selected-production-lane evidence is mapped.,not-yet-mapped,none,No proven retained semantic source is mapped; define implementation and acceptance evidence.,none,pointer-only-no-production-credit,docs/evaluations/0005/requirement-maps/discovery.csv; docs/evaluations/0005/requirement-maps/selected-stack.json; docs/evaluations/0005/requirement-maps/product-assurance.csv,external-gate-and-implementation,stakeholder-provisional-target,stakeholder; requirements owner,Complete the named external gate and any selected implementation work; then verify: Evaluate mesh operation at the per-scope node target.
DM-9-22,binding,baseline,hard_invariant,true,open,unassigned,No selected-production-lane evidence is mapped.,not-yet-mapped,none,No proven retained semantic source is mapped; define implementation and acceptance evidence.,none,pointer-only-no-production-credit,docs/evaluations/0005/requirement-maps/selected-stack.json,research-informed-build-and-verify,none,none,Use the named research only as non-credit input; implement and verify in the selected production lane: Spread scope-scale operation across links and transports rather than assuming every node shares one low-rate RF channel.
DM-9-23A,binding,baseline,hard_invariant,true,open,unassigned,No selected-production-lane evidence is mapped.,not-yet-mapped,none,No proven retained semantic source is mapped; define implementation and acceptance evidence.,none,pointer-only-no-production-credit,docs/evaluations/0005/requirement-maps/selected-stack.json,research-informed-build-and-verify,none,none,Use the named research only as non-credit input; implement and verify in the selected production lane: Support mesh operation across bridged scopes.
DM-9-23,provisional,baseline,provisional_target,false,open,stakeholder; requirements owner,No selected-production-lane evidence is mapped.,not-yet-mapped,none,No proven retained semantic source is mapped; define implementation and acceptance evidence.,none,pointer-only-no-production-credit,docs/evaluations/0005/requirement-maps/selected-stack.json,external-gate-and-implementation,stakeholder-provisional-target,stakeholder; requirements owner,Complete the named external gate and any selected implementation work; then verify: Evaluate mesh operation across bridged scopes.
DM-9-24,must,baseline,hard_invariant,true,open,unassigned,No selected-production-lane evidence is mapped.,not-yet-mapped,none,No proven retained semantic source is mapped; define implementation and acceptance evidence.,none,pointer-only-no-production-credit,docs/evaluations/0005/requirement-maps/blob.csv; docs/evaluations/0005/requirement-maps/selected-stack.json; docs/evaluations/0005/requirement-maps/product-assurance.csv,research-informed-build-and-verify,none,none,Use the named research only as non-credit input; implement and verify in the selected production lane: Bound local storage.
DM-9-25,must,baseline,hard_invariant,true,open,unassigned,No selected-production-lane evidence is mapped.,not-yet-mapped,none,No proven retained semantic source is mapped; define implementation and acceptance evidence.,none,pointer-only-no-production-credit,docs/evaluations/0005/requirement-maps/blob.csv; docs/evaluations/0005/requirement-maps/selected-stack.json,research-informed-build-and-verify,none,none,Use the named research only as non-credit input; implement and verify in the selected production lane: Make local-storage bounds configurable.
DM-10-01,must,baseline,hard_invariant,true,open,unassigned,No selected-production-lane evidence is mapped.,not-yet-mapped,none,No proven retained semantic source is mapped; define implementation and acceptance evidence.,docs/protocol.md; docs/conformance.md,pointer-only-no-production-credit,docs/evaluations/0005/requirement-maps/product-assurance.csv,retain-artifact-and-build,none,none,"Retain the named non-credit artifact as authority, product input, or prior work; complete and verify the selected obligation: Version the protocol."
DM-10-02,must,baseline,hard_invariant,true,open,unassigned,No selected-production-lane evidence is mapped.,not-yet-mapped,none,No proven retained semantic source is mapped; define implementation and acceptance evidence.,docs/protocol.md; docs/conformance.md,pointer-only-no-production-credit,docs/evaluations/0005/requirement-maps/product-assurance.csv,retain-artifact-and-build,none,none,"Retain the named non-credit artifact as authority, product input, or prior work; complete and verify the selected obligation: Make mixed-version meshes interoperate at the highest common version."
DM-10-03,must,baseline,hard_invariant,true,open,unassigned,No selected-production-lane evidence is mapped.,not-yet-mapped,none,No proven retained semantic source is mapped; define implementation and acceptance evidence.,docs/protocol.md; docs/conformance.md,pointer-only-no-production-credit,docs/evaluations/0005/requirement-maps/product-assurance.csv,retain-artifact-and-build,none,none,"Retain the named non-credit artifact as authority, product input, or prior work; complete and verify the selected obligation: Do not fail on unknown but ignorable extensions."
DM-10-04,must,baseline,hard_invariant,true,open,unassigned,No selected-production-lane evidence is mapped.,not-yet-mapped,none,No proven retained semantic source is mapped; define implementation and acceptance evidence.,docs/protocol.md; docs/deprecation-policy.md,none,none,retain-artifact-and-build,none,none,"Retain the named non-credit artifact as authority, product input, or prior work; complete and verify the selected obligation: Add new data classes without breaking deployed nodes."
DM-10-05,must,baseline,hard_invariant,true,open,unassigned,No selected-production-lane evidence is mapped.,not-yet-mapped,none,No proven retained semantic source is mapped; define implementation and acceptance evidence.,docs/protocol.md; docs/deprecation-policy.md,none,none,retain-artifact-and-build,none,none,"Retain the named non-credit artifact as authority, product input, or prior work; complete and verify the selected obligation: Add new transports without breaking deployed nodes."
DM-10-06,must,baseline,product_scope,true,open,unassigned,No selected-production-lane evidence is mapped.,not-yet-mapped,none,No proven retained semantic source is mapped; define implementation and acceptance evidence.,docs/deprecation-policy.md,none,none,retain-artifact-and-build,none,none,"Retain the named non-credit artifact as authority, product input, or prior work; complete and verify the selected obligation: Document a deprecation policy before version 1.0."
DM-11-01,binding,mvp,product_scope,true,open,unassigned,No selected-production-lane evidence is mapped.,not-yet-mapped,none,No proven retained semantic source is mapped; define implementation and acceptance evidence.,none,none,none,build-and-verify,none,none,Implement and verify in the selected production lane: Ship every section 13 deliverable at MVP.
DM-11-02,binding,mvp,product_scope,true,open,unassigned,No selected-production-lane evidence is mapped.,not-yet-mapped,none,No proven retained semantic source is mapped; define implementation and acceptance evidence.,none,none,none,build-and-verify,none,none,Implement and verify in the selected production lane: Include IP transport at MVP.
DM-11-03,binding,mvp,hard_invariant,true,open,unassigned,No selected-production-lane evidence is mapped.,not-yet-mapped,none,No proven retained semantic source is mapped; define implementation and acceptance evidence.,none,none,none,build-and-verify,none,none,Implement and verify in the selected production lane: Include operation across NAT networks at MVP.
DM-11-04,binding,mvp,product_scope,true,open,transport owner; test owner,No selected-production-lane evidence is mapped.,not-yet-mapped,none,No proven retained semantic source is mapped; define implementation and acceptance evidence.,none,none,none,external-gate-and-implementation,physical-btle-hardware,transport owner; test owner,Complete the named external gate and any selected implementation work; then verify: Include BTLE at MVP.
DM-11-05,binding,mvp,product_scope,true,open,unassigned,No selected-production-lane evidence is mapped.,not-yet-mapped,none,No proven retained semantic source is mapped; define implementation and acceptance evidence.,none,none,none,build-and-verify,none,none,Implement and verify in the selected production lane: Include all four data classes at MVP.
DM-11-06,binding,mvp,hard_invariant,true,open,unassigned,No selected-production-lane evidence is mapped.,not-yet-mapped,none,No proven retained semantic source is mapped; define implementation and acceptance evidence.,none,none,none,build-and-verify,none,none,Implement and verify in the selected production lane: Detect conflicts at MVP.
DM-11-07,binding,mvp,product_scope,true,open,unassigned,No selected-production-lane evidence is mapped.,not-yet-mapped,none,No proven retained semantic source is mapped; define implementation and acceptance evidence.,none,none,none,build-and-verify,none,none,Implement and verify in the selected production lane: Surface conflict annotations at MVP.
DM-11-08,may,mvp,preference_or_future,false,open,unassigned,No selected-production-lane evidence is mapped.,not-yet-mapped,none,No proven retained semantic source is mapped; define implementation and acceptance evidence.,none,none,none,build-and-verify,none,none,Implement and verify in the selected production lane: Permit rich automatic merge policies to be minimal at MVP.
DM-11-09,binding,mvp,product_scope,true,open,unassigned,No selected-production-lane evidence is mapped.,not-yet-mapped,none,No proven retained semantic source is mapped; define implementation and acceptance evidence.,none,none,none,build-and-verify,none,none,Implement and verify in the selected production lane: Include topics at MVP.
DM-11-10,binding,mvp,product_scope,true,open,unassigned,No selected-production-lane evidence is mapped.,not-yet-mapped,none,No proven retained semantic source is mapped; define implementation and acceptance evidence.,none,none,none,build-and-verify,none,none,Implement and verify in the selected production lane: Include scopes at MVP.
DM-11-11,binding,mvp,product_scope,true,open,unassigned,No selected-production-lane evidence is mapped.,not-yet-mapped,none,No proven retained semantic source is mapped; define implementation and acceptance evidence.,none,none,none,build-and-verify,none,none,Implement and verify in the selected production lane: Include relays at MVP.
DM-11-12,binding,mvp,product_scope,true,open,unassigned,No selected-production-lane evidence is mapped.,not-yet-mapped,none,No proven retained semantic source is mapped; define implementation and acceptance evidence.,none,none,none,build-and-verify,none,none,Implement and verify in the selected production lane: Include bridge filtering at MVP.
DM-11-13,binding,mvp,product_scope,true,open,unassigned,No selected-production-lane evidence is mapped.,not-yet-mapped,none,No proven retained semantic source is mapped; define implementation and acceptance evidence.,none,none,none,build-and-verify,none,none,Implement and verify in the selected production lane: Include a fixed priority-level set at MVP.
DM-11-14,provisional,mvp,provisional_target,false,open,stakeholder; requirements owner,No selected-production-lane evidence is mapped.,not-yet-mapped,none,No proven retained semantic source is mapped; define implementation and acceptance evidence.,none,none,none,external-gate-and-implementation,stakeholder-provisional-target,stakeholder; requirements owner,Complete the named external gate and any selected implementation work; then verify: Evaluate the MVP priority-level count.
DM-11-15,binding,mvp,product_scope,true,open,unassigned,No selected-production-lane evidence is mapped.,not-yet-mapped,none,No proven retained semantic source is mapped; define implementation and acceptance evidence.,none,none,none,build-and-verify,none,none,Implement and verify in the selected production lane: Include TTL at MVP.
DM-11-16,binding,mvp,product_scope,true,open,unassigned,No selected-production-lane evidence is mapped.,not-yet-mapped,none,No proven retained semantic source is mapped; define implementation and acceptance evidence.,none,none,none,build-and-verify,none,none,Implement and verify in the selected production lane: Include emission-policy hooks at MVP.
DM-11-17,binding,mvp,product_scope,true,open,unassigned,No selected-production-lane evidence is mapped.,not-yet-mapped,none,No proven retained semantic source is mapped; define implementation and acceptance evidence.,none,none,none,build-and-verify,none,none,Implement and verify in the selected production lane: Include receive-only mode at MVP.
DM-11-18,binding,mvp,product_scope,true,open,unassigned,No selected-production-lane evidence is mapped.,not-yet-mapped,none,No proven retained semantic source is mapped; define implementation and acceptance evidence.,none,none,none,build-and-verify,none,none,Implement and verify in the selected production lane: Include pre-mission identity at MVP.
DM-11-19,binding,mvp,product_scope,true,open,unassigned,No selected-production-lane evidence is mapped.,not-yet-mapped,none,No proven retained semantic source is mapped; define implementation and acceptance evidence.,none,none,none,build-and-verify,none,none,Implement and verify in the selected production lane: Include pre-mission keying at MVP.
DM-11-20,binding,mvp,product_scope,true,implemented-uncredited,aster-core + aster-redb-store + aster-node,docs/implementation/requirements-status.md#mission-control-revocation-and-rekey-receipt; durable revocation is present in the selected production lane and one real-process captured-leaf scenario passed,not-yet-mapped,none,No proven retained semantic source is mapped; define implementation and acceptance evidence.,none,none,none,continue-selected-implementation,none,none,"Revocation is present, but the complete MVP, protected operational provisioning, platform-complete zeroization assurance, generalized control administration, and release gates remain incomplete."
DM-11-21,binding,mvp,product_scope,true,open,unassigned,No selected-production-lane evidence is mapped.,not-yet-mapped,none,No proven retained semantic source is mapped; define implementation and acceptance evidence.,none,none,none,build-and-verify,none,none,Implement and verify in the selected production lane: Include payload end-to-end cryptography at MVP.
DM-11-22,binding,mvp,product_scope,true,open,unassigned,No selected-production-lane evidence is mapped.,not-yet-mapped,none,No proven retained semantic source is mapped; define implementation and acceptance evidence.,none,none,none,build-and-verify,none,none,Implement and verify in the selected production lane: Include mesh-layer metadata protection at MVP.
DM-11-23,binding,post-mvp,product_scope,true,open,product owner,No selected-production-lane evidence is mapped.,not-yet-mapped,none,No proven retained semantic source is mapped; define implementation and acceptance evidence.,none,none,none,deferred-post-mvp,none,none,Retain as explicit post-MVP work and preserve its extension seam: Produce remaining language bindings after MVP.
DM-11-24,binding,post-mvp,product_scope,true,open,product owner,No selected-production-lane evidence is mapped.,not-yet-mapped,none,No proven retained semantic source is mapped; define implementation and acceptance evidence.,none,none,none,deferred-post-mvp,none,none,Retain as explicit post-MVP work and preserve its extension seam: Provide a richer automatic merge-policy library after MVP.
DM-11-25,binding,post-mvp,product_scope,true,open,product owner,No selected-production-lane evidence is mapped.,not-yet-mapped,none,No proven retained semantic source is mapped; define implementation and acceptance evidence.,none,none,none,deferred-post-mvp,none,none,Retain as explicit post-MVP work and preserve its extension seam: Provide expanded emission-policy controls after MVP.
DM-11-26,binding,post-mvp,product_scope,true,open,product owner,No selected-production-lane evidence is mapped.,not-yet-mapped,none,No proven retained semantic source is mapped; define implementation and acceptance evidence.,none,none,none,deferred-post-mvp,none,none,Retain as explicit post-MVP work and preserve its extension seam: If not included in MVP provide the out-of-process local agent after MVP.
DM-11-27,future,future,preference_or_future,false,open,architecture owner,No selected-production-lane evidence is mapped.,not-yet-mapped,none,No proven retained semantic source is mapped; define implementation and acceptance evidence.,none,none,none,deferred-future-extension-seam,none,none,Preserve the extension seam without pulling this work into MVP: Permit a future Tier-1 MCU profile.
DM-11-28,future,future,preference_or_future,false,open,architecture owner,No selected-production-lane evidence is mapped.,not-yet-mapped,none,No proven retained semantic source is mapped; define implementation and acceptance evidence.,none,none,none,deferred-future-extension-seam,none,none,Preserve the extension seam without pulling this work into MVP: Permit future LoRa transport.
DM-11-29,future,future,preference_or_future,false,open,architecture owner,No selected-production-lane evidence is mapped.,not-yet-mapped,none,No proven retained semantic source is mapped; define implementation and acceptance evidence.,none,none,none,deferred-future-extension-seam,none,none,Preserve the extension seam without pulling this work into MVP: Permit future serial transport.
DM-11-30,future,future,preference_or_future,false,open,architecture owner,No selected-production-lane evidence is mapped.,not-yet-mapped,none,No proven retained semantic source is mapped; define implementation and acceptance evidence.,none,none,none,deferred-future-extension-seam,none,none,Preserve the extension seam without pulling this work into MVP: Permit future file transport.
DM-11-31,future,future,preference_or_future,false,open,architecture owner,No selected-production-lane evidence is mapped.,not-yet-mapped,none,No proven retained semantic source is mapped; define implementation and acceptance evidence.,none,none,none,deferred-future-extension-seam,none,none,Preserve the extension seam without pulling this work into MVP: Permit future bridge aggregation.
DM-11-32,future,future,preference_or_future,false,open,architecture owner,No selected-production-lane evidence is mapped.,not-yet-mapped,none,No proven retained semantic source is mapped; define implementation and acceptance evidence.,none,none,none,deferred-future-extension-seam,none,none,Preserve the extension seam without pulling this work into MVP: Permit future bridge summarization.
DM-11-33,future,future,preference_or_future,false,open,architecture owner,No selected-production-lane evidence is mapped.,not-yet-mapped,none,No proven retained semantic source is mapped; define implementation and acceptance evidence.,none,none,none,deferred-future-extension-seam,none,none,Preserve the extension seam without pulling this work into MVP: Permit future reconsideration of streaming media.
DM-12-01,must,release,hard_invariant,true,open,transport owner; test owner,No selected-production-lane evidence is mapped.,not-yet-mapped,none,No proven retained semantic source is mapped; define implementation and acceptance evidence.,none,pointer-only-no-production-credit,docs/evaluations/0005/requirement-maps/carrier.csv; docs/evaluations/0005/requirement-maps/product-assurance.csv,external-gate-and-implementation,physical-cross-transport,transport owner; test owner,Complete the named external gate and any selected implementation work; then verify: Pass an equivalent scenario where two nodes synchronize over BTLE and then IP and an item published through one is consumed through the other.
DM-12-02,must,release,hard_invariant,true,open,unassigned,No selected-production-lane evidence is mapped.,not-yet-mapped,none,No proven retained semantic source is mapped; define implementation and acceptance evidence.,none,none,none,build-and-verify,none,none,Implement and verify in the selected production lane: Pass an equivalent scenario where an offline node rejoins converges and loses no durable data.
DM-12-03,provisional,release,provisional_target,false,open,stakeholder; requirements owner,No selected-production-lane evidence is mapped.,not-yet-mapped,none,No proven retained semantic source is mapped; define implementation and acceptance evidence.,none,none,none,external-gate-and-implementation,stakeholder-provisional-target,stakeholder; requirements owner,Complete the named external gate and any selected implementation work; then verify: Evaluate the offline-rejoin scenario at the duration anchor.
DM-12-04,must,release,hard_invariant,true,open,unassigned,No selected-production-lane evidence is mapped.,not-yet-mapped,none,No proven retained semantic source is mapped; define implementation and acceptance evidence.,none,pointer-only-no-production-credit,docs/evaluations/0005/requirement-maps/p2panda.csv,research-informed-build-and-verify,none,none,Use the named research only as non-credit input; implement and verify in the selected production lane: Pass an equivalent scenario where disconnected concurrent Record edits preserve both annotated versions or deterministically merge them without silent loss.
DM-12-05,must,release,hard_invariant,true,open,unassigned,No selected-production-lane evidence is mapped.,not-yet-mapped,none,No proven retained semantic source is mapped; define implementation and acceptance evidence.,none,pointer-only-no-production-credit,docs/evaluations/0005/requirement-maps/carrier.csv; docs/evaluations/0005/requirement-maps/p2panda.csv,research-informed-build-and-verify,none,none,Use the named research only as non-credit input; implement and verify in the selected production lane: Pass an equivalent scenario where a consumer receives through an intermediate relay that cannot read the payload.
DM-12-06,must,release,hard_invariant,true,open,unassigned,No selected-production-lane evidence is mapped.,not-yet-mapped,none,No proven retained semantic source is mapped; define implementation and acceptance evidence.,none,pointer-only-no-production-credit,docs/evaluations/0005/requirement-maps/carrier.csv; docs/evaluations/0005/requirement-maps/selected-stack.json; docs/evaluations/0005/requirement-maps/product-assurance.csv,research-informed-build-and-verify,none,none,Use the named research only as non-credit input; implement and verify in the selected production lane: Pass an equivalent constrained-link scenario delivering higher-priority items first and never transmitting expired items.
DM-12-07,must,release,hard_invariant,true,open,unassigned,No selected-production-lane evidence is mapped.,not-yet-mapped,none,No proven retained semantic source is mapped; define implementation and acceptance evidence.,none,none,none,build-and-verify,none,none,Implement and verify in the selected production lane: Pass an equivalent scenario where threshold policy limits outbound items and receive-only mode still ingests inbound synchronization.
DM-12-08,must,release,hard_invariant,true,observed-bounded,aster-core + aster-redb-store + aster-node,"docs/implementation/requirements-status.md#mission-control-revocation-and-rekey-receipt; one four-node equivalent scenario revoked a leaf, propagated the exact control suffix without the authority online, rekeyed the affected scope, separated no-peer epoch-two Ping and Pong publication from their later route-only transfers through explicit causal barriers, exchanged both Events among eligible nodes, and denied two captured-node contacts",not-yet-mapped,none,No proven retained semantic source is mapped; define implementation and acceptance evidence.,none,pointer-only-no-production-credit,docs/evaluations/0005/requirement-maps/security-profile.json,continue-selected-implementation,none,none,"This is one-host direct-Iroh loopback evidence; target and physical devices, real partition/loss, operational provisioning/custody, independent implementation/review, and release authorization remain open."
DM-12-09,must,release,hard_invariant,true,open,transport owner; test owner,No selected-production-lane evidence is mapped.,not-yet-mapped,none,No proven retained semantic source is mapped; define implementation and acceptance evidence.,none,pointer-only-no-production-credit,docs/evaluations/0005/requirement-maps/selected-stack.json,external-gate-and-implementation,physical-nat-network,transport owner; test owner,Complete the named external gate and any selected implementation work; then verify: Pass an equivalent scenario where nodes behind distinct NATs synchronize directly where possible and through relay fallback otherwise.
DM-12-10,must,release,hard_invariant,true,open,security owner; test owner,No selected-production-lane evidence is mapped.,not-yet-mapped,none,No proven retained semantic source is mapped; define implementation and acceptance evidence.,none,pointer-only-no-production-credit,docs/evaluations/0005/requirement-maps/carrier.csv; docs/evaluations/0005/requirement-maps/security-profile.json,external-gate-and-implementation,packet-capture-environment,security owner; test owner,Complete the named external gate and any selected implementation work; then verify: Pass an equivalent packet-capture scenario revealing no plaintext payload or protected mesh metadata on any transport.
DM-12-11,must,release,hard_invariant,true,open,conformance owner; independent implementation owner,No selected-production-lane evidence is mapped.,not-yet-mapped,none,No proven retained semantic source is mapped; define implementation and acceptance evidence.,none,pointer-only-no-production-credit,docs/evaluations/0005/requirement-maps/selected-stack.json; docs/evaluations/0005/requirement-maps/product-assurance.csv,external-gate-and-implementation,independent-implementation,conformance owner; independent implementation owner,Complete the named external gate and any selected implementation work; then verify: Pass an equivalent scenario where an independently spec-built implementation passes conformance against the reference framework.
DM-13-01,binding,mvp,product_scope,true,open,unassigned,No selected-production-lane evidence is mapped.,not-yet-mapped,none,No proven retained semantic source is mapped; define implementation and acceptance evidence.,docs/protocol.md; docs/wire.cddl; docs/envelope.md,none,none,retain-artifact-and-build,none,none,"Retain the named non-credit artifact as authority, product input, or prior work; complete and verify the selected obligation: Ship an implementation-independent versioned protocol specification."
DM-13-02,binding,mvp,product_scope,true,open,unassigned,No selected-production-lane evidence is mapped.,crates/aster-core; crates/aster-host,crates/aster-core/src/causal.rs; crates/aster-core/src/engine.rs; crates/aster-core/src/source_event.rs; crates/aster-core/src/crypto/reference.rs; aster-core source tests; crates/aster-host/src; aster-host source tests,Retain the named proven source until the selected replacement passes equivalent source tests.,crates/aster-core; crates/aster-host,none,none,migrate-and-verify,none,none,"Migrate equivalent behavior from the named source, integrate it with the selected composition, and pass equivalent tests: Ship the Rust reference framework."
DM-13-03,binding,mvp,product_scope,true,open,unassigned,No selected-production-lane evidence is mapped.,crates/aster-ffi,crates/aster-ffi/src; aster-ffi source tests,Retain the named proven source until the selected replacement passes equivalent source tests.,crates/aster-ffi; bindings/c,pointer-only-no-production-credit,docs/evaluations/0005/requirement-maps/product-assurance.csv,migrate-and-verify,none,none,"Migrate equivalent behavior from the named source, integrate it with the selected composition, and pass equivalent tests: Ship the C FFI."
DM-13-04,binding,mvp,product_scope,true,open,unassigned,No selected-production-lane evidence is mapped.,crates/aster-host; crates/aster-ip,crates/aster-host/src; aster-host source tests; crates/aster-ip/src; aster-ip source tests,Retain the named proven source until the selected replacement passes equivalent source tests.,crates/aster-host; crates/aster-ip,none,none,migrate-and-verify,none,none,"Migrate equivalent behavior from the named source, integrate it with the selected composition, and pass equivalent tests: Ship the IP transport adapter."
DM-13-05,binding,mvp,product_scope,true,open,transport owner; release owner,No selected-production-lane evidence is mapped.,crates/aster-host; crates/aster-ble,crates/aster-host/src; aster-host source tests; crates/aster-ble/src; aster-ble source tests,Retain the named proven source until the selected replacement passes equivalent source tests.,crates/aster-host; crates/aster-ble,pointer-only-no-production-credit,docs/evaluations/0005/requirement-maps/carrier.csv; docs/evaluations/0005/requirement-maps/product-assurance.csv,external-gate-and-implementation,physical-btle-hardware,transport owner; release owner,Complete the named external gate and any selected implementation work; then verify: Ship the BTLE transport adapter.
DM-13-06,binding,mvp,product_scope,true,open,unassigned,No selected-production-lane evidence is mapped.,crates/aster-ffi; bindings/go; bindings/python,crates/aster-ffi/src; aster-ffi source tests; bindings/go; Go binding tests; bindings/python; Python binding tests,Retain the named proven source until the selected replacement passes equivalent source tests.,crates/aster-ffi; bindings/c; bindings/go; bindings/python,pointer-only-no-production-credit,docs/evaluations/0005/requirement-maps/product-assurance.csv,migrate-and-verify,none,none,"Migrate equivalent behavior from the named source, integrate it with the selected composition, and pass equivalent tests: Ship the language bindings selected under section 7."
DM-13-07,binding,mvp,product_scope,true,open,unassigned,No selected-production-lane evidence is mapped.,not-yet-mapped,none,No proven retained semantic source is mapped; define implementation and acceptance evidence.,docs/bindings/pattern.md,pointer-only-no-production-credit,docs/evaluations/0005/requirement-maps/product-assurance.csv,retain-artifact-and-build,none,none,"Retain the named non-credit artifact as authority, product input, or prior work; complete and verify the selected obligation: Ship binding pattern and template documentation."
DM-13-08,binding,mvp,product_scope,true,open,unassigned,No selected-production-lane evidence is mapped.,not-yet-mapped,none,No proven retained semantic source is mapped; define implementation and acceptance evidence.,docs/conformance.md; crates/aster-conformance; conformance,pointer-only-no-production-credit,docs/evaluations/0005/requirement-maps/selected-stack.json; docs/evaluations/0005/requirement-maps/product-assurance.csv,retain-artifact-and-build,none,none,"Retain the named non-credit artifact as authority, product input, or prior work; complete and verify the selected obligation: Ship the conformance test suite."
DM-13-09,binding,mvp,product_scope,true,open,unassigned,No selected-production-lane evidence is mapped.,not-yet-mapped,none,No proven retained semantic source is mapped; define implementation and acceptance evidence.,docs/quickstart; docs/application-recipes.md,none,none,retain-artifact-and-build,none,none,"Retain the named non-credit artifact as authority, product input, or prior work; complete and verify the selected obligation: Ship integrator documentation."
DM-13-10,binding,mvp,product_scope,true,open,unassigned,No selected-production-lane evidence is mapped.,not-yet-mapped,none,No proven retained semantic source is mapped; define implementation and acceptance evidence.,examples; docs/quickstart,none,none,retain-artifact-and-build,none,none,"Retain the named non-credit artifact as authority, product input, or prior work; complete and verify the selected obligation: Ship worked examples."
DM-13-11,binding,mvp,product_scope,true,open,unassigned,No selected-production-lane evidence is mapped.,not-yet-mapped,none,No proven retained semantic source is mapped; define implementation and acceptance evidence.,deny.toml; docs/decisions; docs/evaluations/0005,pointer-only-no-production-credit,docs/evaluations/0005/requirement-maps/product-assurance.csv,retain-artifact-and-build,none,none,"Retain the named non-credit artifact as authority, product input, or prior work; complete and verify the selected obligation: Ship the dependency and license inventory SBOM and buy-versus-build decision record."
DM-14-01,open,governance,provisional_target,false,open,stakeholder; requirements owner,No selected-production-lane evidence is mapped.,not-yet-mapped,none,No proven retained semantic source is mapped; define implementation and acceptance evidence.,none,none,none,stakeholder-governance-gate,stakeholder-provisional-target,stakeholder; requirements owner,The named gate owner must decide or validate this governance obligation; record the disposition before release: Validate the provisional priority-level count against applicable service doctrine.
DM-14-02,open,governance,preference_or_future,false,open,stakeholder; requirements owner,No selected-production-lane evidence is mapped.,not-yet-mapped,none,No proven retained semantic source is mapped; define implementation and acceptance evidence.,none,none,none,stakeholder-governance-gate,stakeholder-governance-decision,stakeholder; requirements owner,The named gate owner must decide or validate this governance obligation; record the disposition before release: Validate priority names against applicable service doctrine.
DM-14-03,open,governance,provisional_target,false,open,stakeholder; requirements owner,No selected-production-lane evidence is mapped.,not-yet-mapped,none,No proven retained semantic source is mapped; define implementation and acceptance evidence.,none,none,none,stakeholder-governance-gate,stakeholder-provisional-target,stakeholder; requirements owner,The named gate owner must decide or validate this governance obligation; record the disposition before release: Validate the provisional offline-tolerance value.
DM-14-04,open,governance,provisional_target,false,open,stakeholder; requirements owner,No selected-production-lane evidence is mapped.,not-yet-mapped,none,No proven retained semantic source is mapped; define implementation and acceptance evidence.,none,none,none,stakeholder-governance-gate,stakeholder-provisional-target,stakeholder; requirements owner,The named gate owner must decide or validate this governance obligation; record the disposition before release: Validate the provisional low-rate operating value.
DM-14-05,open,governance,provisional_target,false,open,stakeholder; requirements owner,No selected-production-lane evidence is mapped.,not-yet-mapped,none,No proven retained semantic source is mapped; define implementation and acceptance evidence.,none,pointer-only-no-production-credit,docs/evaluations/0005/requirement-maps/blob.csv,stakeholder-governance-gate,stakeholder-provisional-target,stakeholder; requirements owner,The named gate owner must decide or validate this governance obligation; record the disposition before release: Validate the provisional high-loss operating value.
DM-14-06,open,governance,provisional_target,false,open,stakeholder; requirements owner,No selected-production-lane evidence is mapped.,not-yet-mapped,none,No proven retained semantic source is mapped; define implementation and acceptance evidence.,none,pointer-only-no-production-credit,docs/evaluations/0005/requirement-maps/blob.csv,stakeholder-governance-gate,stakeholder-provisional-target,stakeholder; requirements owner,The named gate owner must decide or validate this governance obligation; record the disposition before release: Validate the provisional Blob-size floor.
DM-14-07,open,governance,provisional_target,false,open,stakeholder; requirements owner,No selected-production-lane evidence is mapped.,not-yet-mapped,none,No proven retained semantic source is mapped; define implementation and acceptance evidence.,none,none,none,stakeholder-governance-gate,stakeholder-provisional-target,stakeholder; requirements owner,The named gate owner must decide or validate this governance obligation; record the disposition before release: Validate the provisional number of MVP bindings.
DM-14-08,open,governance,provisional_target,false,open,stakeholder; requirements owner,No selected-production-lane evidence is mapped.,not-yet-mapped,none,No proven retained semantic source is mapped; define implementation and acceptance evidence.,none,none,none,stakeholder-governance-gate,stakeholder-provisional-target,stakeholder; requirements owner,The named gate owner must decide or validate this governance obligation; record the disposition before release: Validate the provisional basic-integration time.
DM-14-09,open,governance,provisional_target,false,open,stakeholder; requirements owner,No selected-production-lane evidence is mapped.,not-yet-mapped,none,No proven retained semantic source is mapped; define implementation and acceptance evidence.,none,none,none,stakeholder-governance-gate,stakeholder-provisional-target,stakeholder; requirements owner,The named gate owner must decide or validate this governance obligation; record the disposition before release: Validate the provisional minimal-sample size.
DM-14-10,open,governance,provisional_target,false,open,stakeholder; requirements owner,No selected-production-lane evidence is mapped.,not-yet-mapped,none,No proven retained semantic source is mapped; define implementation and acceptance evidence.,none,none,none,stakeholder-governance-gate,stakeholder-provisional-target,stakeholder; requirements owner,The named gate owner must decide or validate this governance obligation; record the disposition before release: Validate the provisional Tier-1 RAM limit.
DM-14-11,open,governance,provisional_target,false,open,stakeholder; requirements owner,No selected-production-lane evidence is mapped.,not-yet-mapped,none,No proven retained semantic source is mapped; define implementation and acceptance evidence.,none,none,none,stakeholder-governance-gate,stakeholder-provisional-target,stakeholder; requirements owner,The named gate owner must decide or validate this governance obligation; record the disposition before release: Validate the provisional Tier-1 flash limit.
DM-14-12,open,governance,provisional_target,false,open,stakeholder; requirements owner,No selected-production-lane evidence is mapped.,not-yet-mapped,none,No proven retained semantic source is mapped; define implementation and acceptance evidence.,none,none,none,stakeholder-governance-gate,stakeholder-provisional-target,stakeholder; requirements owner,The named gate owner must decide or validate this governance obligation; record the disposition before release: Validate the provisional Tier-2 added-binary limit.
DM-14-13,open,governance,provisional_target,false,open,stakeholder; requirements owner,No selected-production-lane evidence is mapped.,not-yet-mapped,none,No proven retained semantic source is mapped; define implementation and acceptance evidence.,none,pointer-only-no-production-credit,docs/evaluations/0005/requirement-maps/blob.csv,stakeholder-governance-gate,stakeholder-provisional-target,stakeholder; requirements owner,The named gate owner must decide or validate this governance obligation; record the disposition before release: Validate the provisional Tier-2 RAM ceiling.
DM-14-14,open,governance,provisional_target,false,open,stakeholder; requirements owner,No selected-production-lane evidence is mapped.,not-yet-mapped,none,No proven retained semantic source is mapped; define implementation and acceptance evidence.,none,pointer-only-no-production-credit,docs/evaluations/0005/requirement-maps/blob.csv,stakeholder-governance-gate,stakeholder-provisional-target,stakeholder; requirements owner,The named gate owner must decide or validate this governance obligation; record the disposition before release: Validate the provisional preferred Tier-2 RAM target.
DM-14-15,open,governance,provisional_target,false,open,stakeholder; requirements owner,No selected-production-lane evidence is mapped.,not-yet-mapped,none,No proven retained semantic source is mapped; define implementation and acceptance evidence.,none,none,none,stakeholder-governance-gate,stakeholder-provisional-target,stakeholder; requirements owner,The named gate owner must decide or validate this governance obligation; record the disposition before release: Validate the provisional metadata working-set size.
DM-14-16,open,governance,provisional_target,false,open,stakeholder; requirements owner,No selected-production-lane evidence is mapped.,not-yet-mapped,none,No proven retained semantic source is mapped; define implementation and acceptance evidence.,none,none,none,stakeholder-governance-gate,stakeholder-provisional-target,stakeholder; requirements owner,The named gate owner must decide or validate this governance obligation; record the disposition before release: Validate the provisional single-core operating target.
DM-14-17,open,governance,provisional_target,false,open,stakeholder; requirements owner,No selected-production-lane evidence is mapped.,not-yet-mapped,none,No proven retained semantic source is mapped; define implementation and acceptance evidence.,none,none,none,stakeholder-governance-gate,stakeholder-provisional-target,stakeholder; requirements owner,The named gate owner must decide or validate this governance obligation; record the disposition before release: Validate the provisional nodes-per-scope target.
DM-14-18,open,governance,provisional_target,false,open,stakeholder; requirements owner,No selected-production-lane evidence is mapped.,not-yet-mapped,none,No proven retained semantic source is mapped; define implementation and acceptance evidence.,none,none,none,stakeholder-governance-gate,stakeholder-provisional-target,stakeholder; requirements owner,The named gate owner must decide or validate this governance obligation; record the disposition before release: Validate the provisional bridged-mesh node target.
DM-14-19,open,governance,preference_or_future,false,open,stakeholder; API owner,No selected-production-lane evidence is mapped.,not-yet-mapped,none,No proven retained semantic source is mapped; define implementation and acceptance evidence.,none,none,none,stakeholder-governance-gate,stakeholder-binding-selection,stakeholder; API owner,The named gate owner must decide or validate this governance obligation; record the disposition before release: Select the MVP binding languages from the section 7 list.
DM-14-20,open,governance,product_scope,false,open,architecture owner; stakeholder,No selected-production-lane evidence is mapped.,not-yet-mapped,none,No implementation-equivalence claim is inferred from the decision artifacts.,docs/evaluations/0005; docs/decisions/0025-requirements-first-foss-architecture-evaluation.md,none,none,review-existing-decision-artifact,existing-decision-artifact-review,architecture owner; stakeholder,"Review, adopt, or update the named existing decision artifacts against the selected production composition: Complete the standards evaluation."
DM-14-21,open,governance,product_scope,false,open,architecture owner; stakeholder,No selected-production-lane evidence is mapped.,not-yet-mapped,none,No implementation-equivalence claim is inferred from the decision artifacts.,docs/evaluations/0005/responsibility-map.md; docs/decisions/0025-requirements-first-foss-architecture-evaluation.md,none,none,review-existing-decision-artifact,existing-decision-artifact-review,architecture owner; stakeholder,"Review, adopt, or update the named existing decision artifacts against the selected production composition: Complete the buy-versus-build record."
DM-14-22,open,governance,preference_or_future,false,open,security owner; compliance owner,No selected-production-lane evidence is mapped.,not-yet-mapped,none,No proven retained semantic source is mapped; define implementation and acceptance evidence.,none,none,none,stakeholder-governance-gate,validated-crypto-module,security owner; compliance owner,The named gate owner must decide or validate this governance obligation; record the disposition before release: Determine the FIPS validation path for selected algorithms.
DM-14-23,open,governance,preference_or_future,false,open,security owner; compliance owner,No selected-production-lane evidence is mapped.,not-yet-mapped,none,No proven retained semantic source is mapped; define implementation and acceptance evidence.,none,none,none,stakeholder-governance-gate,validated-crypto-module,security owner; compliance owner,The named gate owner must decide or validate this governance obligation; record the disposition before release: Determine validated-module availability for the required post-quantum hybrid composition.
